keys,_where,_size,_least,_width,_note,en,pt_BR,es,de,fr,ja,zh_CN,ko,_back_pt_BR,_back_es,_back_de,_back_fr,_back_ja,_back_zh_CN,_back_ko
MENU_CONTINUE,menu.gd,20,13,196,"The main menu's doors, stacked under the logo.",Continue,Continuar,Continuar,Fortsetzen,Continuer,つづける,继续,이어하기,Continue,Continue,Continue,Continue,Continue,Continue,Continue playing
MENU_NEW,menu.gd,20,13,196,"The main menu's doors, stacked under the logo.",New game,Novo jogo,Nueva partida,Neues Spiel,Nouvelle partie,はじめから,新游戏,새 게임,New game,New game,New game,New game,From the beginning,New game,New game
MENU_SETTINGS,menu.gd,20,13,196,"The main menu's doors, stacked under the logo.",Settings,Configurações,Configuración,Einstellungen,Paramètres,設定,设置,설정,Settings,Settings,Settings,Settings,Settings,Settings,Settings
MENU_HOW,menu.gd,20,13,196,"The main menu's doors, stacked under the logo.",How to play,Como jogar,Cómo jugar,Anleitung,Comment jouer,あそびかた,玩法说明,게임 방법,How to play,How to play,Instructions,How to play,How to play,Gameplay instructions,Game method (how to play)
MENU_CREDITS,menu.gd,20,13,196,"The main menu's doors, stacked under the logo.",Credits,Créditos,Créditos,Credits,Crédits,クレジット,制作人员,크레딧,Credits,Credits,Credits,Credits,Credits,Production staff,Credits
MENU_QUIT,menu.gd,20,13,196,"The main menu's doors, stacked under the logo.",Save and quit,Salvar e Sair,Guardar y salir,Speichern & beenden,Sauver et quitter,セーブしておわる,保存并退出,저장하고 종료,Save and quit,Save and quit,Save & quit,Save and quit,Save and quit,Save and quit,Save and quit
LANGUAGE_TITLE,language_board.gd,20,16,400,"The language board's title plank, opened from the flag on the main menu.",Language,Idioma,Idioma,Sprache,Langue,言語,语言,언어,Language,Language,Language,Language,Language,Language,Language
CONFIRM_NEW_TITLE,menu_confirm.gd,20,16,358,,Start over?,Quer recomeçar?,¿Quieres empezar de nuevo?,Neu anfangen?,Tu veux recommencer ?,はじめからやりなおしますか？,要重新开始吗？,처음부터 다시 할까요?,Start over?,Do you want to start over?,Start anew?,Do you want to start over?,Start over from the beginning?,Want to start over?,Shall we do it again from the start?
CONFIRM_NEW_WORDS,menu_confirm.gd,16,13,358,"One line, never wrapped.",Your current progress will be lost.,O progresso atual será apagado.,Se borrará el progreso actual.,Dein Fortschritt wird gelöscht.,Ta progression actuelle sera effacée.,今までのデータは消えます。,当前进度将被清除。,지금까지의 진행 상황이 지워져요.,Your progress will be erased.,The current progress will be erased.,Your progress will be deleted.,Your current progress will be erased.,The data so far will be erased.,Current progress will be erased.,The progress so far will be erased.
CONFIRM_NEW_YES,menu_confirm.gd,16,13,160,A button. Red: it deletes the save.,Start over,Recomeçar,Empezar de nuevo,Neu anfangen,Recommencer,やりなおす,重新开始,다시 시작,Start again,Start over,Start anew,Start over,Start over,Start over,Start again
CONFIRM_NEW_NO,menu_confirm.gd,16,13,160,,Back,Voltar,Volver,Zurück,Retour,もどる,返回,돌아가기,Cancel,Go back,Back,Back,Go back,Go back,Go back
SETTINGS_TITLE,settings_skin.gd,20,16,300,,Settings,Configurações,Configuración,Einstellungen,Paramètres,設定,设置,설정,Settings,Settings,Settings,Settings,Settings,Settings,Settings
SETTINGS_MASTER,settings_skin.gd,16,13,300,,Master volume,Volume Geral,Volumen general,Gesamtlautstärke,Volume général,全体の音量,总音量,전체 음량,General,General volume,Overall volume,General volume,Overall volume,Overall volume,Overall volume
SETTINGS_MUSIC,settings_skin.gd,16,13,300,,Music,Música,Música,Musik,Musique,音楽,音乐,음악,Music,Music,Music,Music,Music,Music,Music
SETTINGS_SFX,settings_skin.gd,16,13,300,,Sound effects,Efeitos sonoros,Efectos de sonido,Soundeffekte,Effets sonores,効果音,音效,효과음,Sound effects,Sound effects,Sound effects,Sound effects,Sound effects,Sound effects,Sound effects
SETTINGS_AMBIENCE,settings_skin.gd,16,13,300,,Ambient sound,Som Ambiente,Sonido ambiente,Umgebungsgeräusche,Son d'ambiance,環境音,环境音,환경음,Ambience,Ambient sound,Ambient sounds,Ambient sound,Ambient sound,Ambient sound,Ambient sound
SETTINGS_WINDOW,settings_skin.gd,16,13,170,,Window,Janela,Ventana,Fenster,Fenêtre,表示モード,窗口,화면 모드,Window,Window,Window,Window,Display mode,Window,Screen mode
SETTINGS_RESOLUTION,settings_skin.gd,16,13,170,,Resolution,Resolução,Resolución,Auflösung,Résolution,解像度,分辨率,해상도,Resolution,Resolution,Resolution,Resolution,Resolution,Resolution,Resolution
SETTINGS_VSYNC,settings_skin.gd,16,13,170,,VSync,VSync,VSync,VSync,VSync,VSync,VSync,VSync,VSync,VSync,VSync,VSync,VSync,VSync,VSync
SETTINGS_FPS,settings_skin.gd,16,13,170,,FPS limit,Limite FPS,Límite de FPS,FPS-Limit,Limite FPS,FPS上限,FPS上限,FPS 제한,FPS limit,FPS limit,FPS limit,FPS limit,FPS limit,FPS limit,FPS limit
SETTINGS_GROUP_MIX,settings_skin.gd,13,11,300,"Heading over Music, Sound effects and Ambience.",Sound,Controle de som,Control de sonido,Lautstärke,Réglages du son,サウンド,声音调节,소리 조절,Mix,Sound control,Volume,Sound settings,Sound,Sound adjustment,Sound control
SETTINGS_GROUP_SCREEN,settings_skin.gd,13,11,300,Heading over the display rows.,Screen,Tela,Pantalla,Bildschirm,Écran,画面,画面,화면,Screen,Screen,Screen,Screen,Screen,Display,Screen
SETTINGS_CONTROLS,settings_skin.gd,16,13,380,Opens the key-binding board.,Controls,Controles,Controles,Steuerung,Commandes,操作設定,操作设置,조작,Controls,Controls,Controls,Controls,Control settings,Control settings,Controls
SETTINGS_QUIT,settings_skin.gd,16,13,380,,Save and go to menu,Salvar e ir ao menu,Guardar e ir al menú,Speichern und zum Menü,Sauver et aller au menu,セーブしてメニューへ,保存并返回菜单,저장하고 메뉴로,Save and go to menu,Save and go to the menu,Save and to the menu,Save and go to the menu,Save and to the menu,Save and return to menu,Save and to the menu
SETTINGS_DEAD_SIZE,settings_skin.gd,13,13,140,Why Resolution cannot be changed in fullscreen. Dropped entirely if it does not fit.,set by Window,pela Janela,según Ventana,siehe Fenster,selon Fenêtre,表示モードで決まる,由窗口决定,화면 모드에 따름,by Window,according to Window,see Window,according to Window,Decided by display mode,Decided by Window,Depends on screen mode
WINDOW_WINDOWED,settings_skin.gd,16,13,140,,Windowed,Janela,En ventana,Fenster,Fenêtré,ウィンドウ,窗口化,창 모드,Window,In a window,Window,Windowed,Window,Windowed,Windowed mode
WINDOW_BORDERLESS,settings_skin.gd,16,13,140,,Borderless,Sem borda,Sin bordes,Randlos,Sans bordure,枠なし,无边框,테두리 없음,Borderless,Without borders,Borderless,Without border,No frame,Borderless,No border
WINDOW_EXCLUSIVE,settings_skin.gd,16,13,140,,Exclusive,Exclusiva,Exclusiva,Exklusiv,Plein écran,フルスクリーン,独占全屏,전체 화면,Exclusive,Exclusive,Exclusive,Fullscreen,Full screen,Exclusive fullscreen,Full screen
VSYNC_OFF,settings_skin.gd,16,13,140,,Off,Não,No,Aus,Non,オフ,关,끔,No,No,Off,No,Off,Off,Off
VSYNC_ON,settings_skin.gd,16,13,140,,On,Sim,Sí,An,Oui,オン,开,켬,Yes,Yes,On,Yes,On,On,On
VSYNC_ADAPTIVE,settings_skin.gd,16,13,140,,Adaptive,Adaptável,Adaptable,Adaptiv,Adaptatif,アダプティブ,自适应,적응형,Adaptive,Adaptable,Adaptive,Adaptive,Adaptive,Adaptive,Adaptive
FPS_UNCAPPED,settings_skin.gd,16,13,140,,No limit,Sem limite,Sin límite,Kein Limit,Sans limite,無制限,无上限,제한 없음,No limit,Without limit,No limit,Without limit,Unlimited,No limit,No limit
KEEP_MODE_TITLE,settings_skin.gd,20,16,358,Asked after switching to exclusive fullscreen.,Keep these settings?,Manter as configurações?,¿Mantener la configuración?,Einstellungen behalten?,Garder ces réglages ?,この設定のままにしますか？,保留这些设置？,이 설정을 유지할까요?,Keep this?,Keep the settings?,Keep settings?,Keep these settings?,Keep this setting as it is?,Keep these settings?,Shall we keep this setting?
KEEP_MODE_YES,settings_skin.gd,16,13,160,,Keep,Manter,Mantener,Behalten,Garder,このまま,保留,유지,Keep,Keep,Keep,Keep,As it is,Keep,Keep
KEEP_MODE_NO,settings_skin.gd,16,13,160,,Revert,Desfazer,Deshacer,Rückgängig,Annuler,元にもどす,撤销,되돌리기,Undo,Undo,Undo,Undo,Put back as before,Undo,Undo
KEEP_MODE_WORDS,settings_skin.gd,16,13,358,%d is a countdown.,Reverting in %d seconds.,Desfazendo em %d segundos.,Se deshará en %d segundos.,Rückgängig in %d Sekunden.,Annulation dans %d secondes.,%d秒後に元にもどします。,将在%d秒后撤销。,%d초 후에 되돌려요.,Undoing in %d seconds.,It will be undone in %d seconds.,Undoing in %d seconds.,Undoing in %d seconds.,Putting it back after %d seconds.,Will undo in %d seconds.,Undoing after %d seconds.
CONTROLS_TITLE,controls_skin.gd,20,16,400,,Controls,Controles,Controles,Steuerung,Commandes,操作設定,操作设置,조작,Controls,Controls,Controls,Controls,Control settings,Control settings,Controls
CONTROLS_DEFAULT,controls_skin.gd,16,13,380,,Restore defaults,Restaurar padrão,Restablecer predeterminados,Standard wiederherstellen,Rétablir par défaut,初期設定にもどす,恢复默认,기본값으로 복원,Restore default,Restore defaults,Restore default,Restore to default,Return to initial settings,Restore default,Restore to default
CONTROLS_CAPTURING,controls_skin.gd,13,11,140,Shown in a cell while it waits for a key.,Press…,Aperte…,Pulsa…,Drück…,Appuie…,押して…,请按键…,입력…,Press…,Press…,Press…,Press…,Press…,Please press a key…,Input…
CONTROLS_COL_KEY,controls_skin.gd,13,11,140,,Keyboard,Teclado,Teclado,Tastatur,Clavier,キーボード,键盘,키보드,Keyboard,Keyboard,Keyboard,Keyboard,Keyboard,Keyboard,Keyboard
CONTROLS_COL_PAD,controls_skin.gd,13,11,140,,Controller,Controle,Control,Controller,Manette,コントローラー,手柄,게임패드,Controller,Controller,Controller,Gamepad,Controller,Gamepad,Gamepad
CONTROLS_HINT,controls_skin.gd,11,11,314,The · is kept.,"Click, then press · right-click resets",Clique e aperte · clique direito restaura,Clic y pulsa · clic derecho restaura,"Klicken, Taste · Rechtsklick: Standard",Clique et appuie · clic droit rétablit,クリックして入力 · 右クリックで元にもどす,点击后按键 · 右键还原,클릭 후 입력 · 우클릭으로 복원,Click and press · right restores,Click and press · right click restores,"Click, key · right-click: default",Click and press · right click restores,Click and input · right-click to put back,Click then press a key · right-click restores,Click then input · restore with right-click
CONTROLS_HINT_PAD,controls_skin.gd,11,11,314,"Pad version of CONTROLS_HINT. Both %s are drawn as button pictures, in order: the confirm button, then the reset button. Keep both, in that order.",%s on a cell and press · %s resets,%s no campo e aperte · %s restaura,%s en la casilla y pulsa · %s restaura,"%s aufs Feld, drücken · %s: Standard",%s sur la case et appuie · %s rétablit,枠で%sを押して入力 · %sで元にもどす,在格子上按%s后按键 · %s还原,%s: 칸 선택 후 입력 · %s: 복원,%s on the cell and press · %s restores,%s on the cell and press · %s restores,"%s on the cell, press · %s: default",%s on the cell and press · %s restores,Press %s on a cell and input · put back with %s,On a cell press %s then press a key · %s restores,%s: select a cell then input · %s: restore
CONTROLS_PROMPTS_AUTO,controls_skin.gd,13,11,70,"The pad column's head chooser: the button pictures follow the gamepad in hand. The other two choices are the names Xbox and PlayStation, not translated.",Auto,Auto,Auto,Auto,Auto,自動,自动,자동,Auto,Auto,Auto,Auto,Automatic,Automatic,Automatic
CONTROLS_MOVED,controls_skin.gd,13,11,300,A verb's name (%s) followed by a mark that its key was just taken by another verb. Keep %s.,%s  — moved,%s  — movido,%s  — movido,%s  — verschoben,%s  — déplacé,%s  — 入れかえ,%s  — 已移动,%s  — 이동됨,%s  — moved,%s  — moved,%s  — moved,%s  — moved,%s  — swapped,%s  — moved,%s  — moved
CONFIRM_BINDS_TITLE,controls_skin.gd,20,16,358,,Are you sure?,Tem certeza?,¿Lo confirmas?,Bist du sicher?,Tu confirmes ?,本当にいいですか？,确定吗？,정말 기본값으로 복원할까요?,Are you sure?,Do you confirm it?,Are you sure?,Do you confirm?,Is it really OK?,Are you sure?,Really restore to default?
CONFIRM_BINDS_YES,controls_skin.gd,16,13,160,,Use defaults,Usar padrão,Restablecer,Standard nutzen,Par défaut,初期設定にする,使用默认,기본값 사용,Use default,Restore,Use default,By default,Use the initial settings,Use default,Use default
CONFIRM_BINDS_NO,controls_skin.gd,16,13,160,,Keep current,Manter atual,Dejar como está,So lassen,Ne rien changer,今のまま,保持当前,현재대로 유지,Keep current,Leave it as it is,Leave as is,Change nothing,As it is now,Keep current,Keep as now
VERB_WALK_UP,binds.gd,16,13,300,,Walk up,Andar p/ cima,Caminar hacia arriba,Nach oben gehen,Marcher vers le haut,上へ歩く,向上走,위로 걷기,Walk up,Walk upwards,Walk up,Walk towards the top,Walk up,Walk upward,Walk up
VERB_WALK_DOWN,binds.gd,16,13,300,,Walk down,Andar p/ baixo,Caminar hacia abajo,Nach unten gehen,Marcher vers le bas,下へ歩く,向下走,아래로 걷기,Walk down,Walk downwards,Walk down,Walk towards the bottom,Walk down,Walk downward,Walk down
VERB_WALK_LEFT,binds.gd,16,13,300,,Walk left,Andar p/ esquerda,Caminar hacia la izquierda,Nach links gehen,Marcher à gauche,左へ歩く,向左走,왼쪽으로 걷기,Walk left,Walk towards the left,Walk left,Walk to the left,Walk left,Walk leftward,Walk left
VERB_WALK_RIGHT,binds.gd,16,13,300,,Walk right,Andar p/ direita,Caminar hacia la derecha,Nach rechts gehen,Marcher à droite,右へ歩く,向右走,오른쪽으로 걷기,Walk right,Walk towards the right,Walk right,Walk to the right,Walk right,Walk rightward,Walk right
VERB_CAST,binds.gd,16,13,300,,Cast the net,Lançar a rede,Lanzar la red,Netz auswerfen,Lancer le filet,あみを投げる,撒网,그물 던지기,Throw the net,Cast the net,Cast the net,Cast the net,Throw the net,Cast the net,Throw the net
VERB_INTERACT,binds.gd,16,13,300,"One verb on the lake and in the house (switches, seats, books, dogs).",Interact,Interagir,Interactuar,Interagieren,Interagir,アクション,互动,상호작용,Interact,Interact,Interact,Interact,Action,Interact,Interact
VERB_OPEN_SHED,binds.gd,16,13,300,,Open the house,Abrir a casa,Abrir la casa,Haus öffnen,Ouvrir la maison,家に入る,进入房子,집 열기,Open the house,Open the house,Open the house,Open the house,Enter the house,Enter the house,Open the house
VERB_OPEN_UPGRADES,binds.gd,16,13,300,,Open upgrades,Abrir melhorias,Abrir mejoras,Upgrades öffnen,Ouvrir les améliorations,強化メニューを開く,打开升级菜单,업그레이드 열기,Open upgrades,Open upgrades,Open upgrades,Open the upgrades,Open the upgrade menu,Open the upgrades menu,Open upgrades
VERB_OPEN_SETTINGS,binds.gd,16,13,300,,Open settings,Abrir configurações,Abrir configuración,Einstellungen öffnen,Ouvrir les paramètres,設定を開く,打开设置,설정 열기,Open settings,Open settings,Open settings,Open the settings,Open settings,Open settings,Open settings
VERB_ZOOM_IN,binds.gd,16,13,300,,Zoom in,Aproximar câmera,Acercar la cámara,Hineinzoomen,Rapprocher la caméra,ズームイン,拉近镜头,카메라 확대,Zoom in,Bring the camera closer,Zoom in,Bring the camera closer,Zoom in,Pull the camera closer,Camera zoom in
VERB_ZOOM_OUT,binds.gd,16,13,300,,Zoom out,Afastar câmera,Alejar la cámara,Herauszoomen,Éloigner la caméra,ズームアウト,拉远镜头,카메라 축소,Zoom out,Move the camera away,Zoom out,Move the camera away,Zoom out,Pull the camera farther,Camera zoom out
VERB_RECENTRE,binds.gd,16,13,300,,Center on player,Focar no jogador,Centrar en el personaje,Auf Spielfigur zentrieren,Centrer sur le personnage,プレイヤーにカメラをもどす,镜头对准玩家,플레이어에게 초점 맞추기,See the fisherman,Center on the character,Center on the player character,Centre on the character,Return the camera to the player,Camera aims at the player,Focus on the player
VERB_CAMERA_PAN,binds.gd,16,13,300,"A verb on the bind board: held, it drags the view (the mouse's middle button, the pad's left trigger with the right stick).",Move the camera,Mover a câmera,Mover la cámara,Kamera bewegen,Déplacer la caméra,カメラを動かす,移动镜头,카메라 이동,Move the camera,Move the camera,Move the camera,Move the camera,Move the camera,Move the camera,Camera move
VERB_CAMERA_LOCK,binds.gd,16,13,300,"A verb on the bind board: the camera button beside the gear, following the angler or pinned where it stands.",Lock or unlock the camera,Travar e soltar a câmera fixa,Fijar o soltar la cámara,Feste Kamera an/aus,Fixer ou libérer la caméra,固定カメラの切りかえ,锁定或解锁镜头,카메라 고정/해제,Lock or release the camera,Fix or release the camera,Locked camera on/off,Fix or free the camera,Toggle the fixed camera,Lock or unlock the camera,Camera lock/release
VERB_SHED_ROTATE,binds.gd,16,13,300,,Rotate the decoration,Girar a decoração,Girar la decoración,Deko drehen,Tourner la décoration,インテリアを回す,旋转装饰品,장식 돌리기,Turn the decoration,Turn the decoration,Turn decoration,Turn the decoration,Turn the decoration,Rotate the decoration,Turn the decoration
BIND_GROUP_MOVE,binds.gd,13,11,300,Heading on the controls board.,Move,Mover,Mover,Bewegen,Se déplacer,移動,移动,이동,Move,Move,Move,Move around,Movement,Move,Movement
BIND_GROUP_NET,binds.gd,13,11,300,Heading on the controls board.,Net,Rede,Red,Netz,Filet,あみ,渔网,그물,Net,Net,Net,Net,Net,Fishing net,Net
BIND_GROUP_OPEN,binds.gd,13,11,300,Heading on the controls board.,Open,Abrir,Abrir,Öffnen,Ouvrir,開く,打开,열기,Open,Open,Open,Open,Open,Open,Open
BIND_GROUP_VIEW,binds.gd,13,11,300,Heading on the controls board.,View,Visão,Vista,Ansicht,Vue,視点,视角,시점,View,View,View,View,Viewpoint,View angle,Viewpoint
BIND_GROUP_SHED,binds.gd,13,11,300,Heading on the controls board.,In the house,Na casa,En la casa,Im Haus,Dans la maison,家の中,房子里,집 안에서,In the house,In the house,In the house,In the house,Inside the house,In the house,Inside the house
BIND_STICK,binds.gd,13,11,140,,Left stick,Analógico esq.,Stick izquierdo,Linker Stick,Stick gauche,左スティック,左摇杆,왼쪽 스틱,Left analog,Left stick,Left stick,Left stick,Left stick,Left joystick,Left stick
SHOP_BOARD_NET,shop_skin.gd,20,13,180,A board's title plank. Drawn in capitals.,Net,Rede,Red,Netz,Filet,あみ,渔网,그물,Net,Net,Net,Net,Net,Fishing net,Net
SHOP_BOARD_BOATS,shop_skin.gd,20,13,180,A board's title plank. Drawn in capitals.,Boats,Barcos,Barcos,Boote,Bateaux,ボート,船只,배,Boats,Boats,Boats,Boats,Boats,Boats,Boats
SHOP_BOARD_DOGS,shop_skin.gd,20,13,180,A board's title plank. Drawn in capitals.,Dogs,Cães,Perros,Hunde,Chiens,犬,狗狗,강아지,Dogs,Dogs,Dogs,Dogs,Dogs,Doggies,Dogs (puppies)
SHOP_BOARD_LUCK,shop_skin.gd,20,13,180,A board's title plank. Drawn in capitals.,Luck & Coins,Sorte e Moedas,Suerte y monedas,Glück & Münzen,Chance et pièces,運とコイン,幸运与金币,행운과 동전,Luck,Luck and coins,Luck & coins,Luck and coins,Luck and coins,Luck and coins,Luck and coins
SHOP_GROUP_RUN,shop_skin.gd,13,11,200,,Progress,Progresso,Progreso,Fortschritt,Progression,ボートの性能,进度,진행,Progress,Progress,Progress,Progress,Boat performance,Progress,Progress
SHOP_GROUP_FLEET,shop_skin.gd,13,11,200,,Number of boats,Número de barcos,Número de barcos,Anzahl der Boote,Nombre de bateaux,ボートの数,船只数量,배 개수,Number of boats,Number of boats,Number of boats,Number of boats,Number of boats,Number of boats,Number of boats
SHOP_GROUP_PACK,shop_skin.gd,13,11,200,,The Pack,A Matilha,Tu manada,Das Rudel,La meute,犬の群れ,狗群,강아지 무리,The pack,Your pack,The pack,The pack,The dogs' pack,Dog pack,Dog pack
SHOP_GROUP_TRIP,shop_skin.gd,13,11,200,,Helping,Ajudando,Ayudando,Mithelfen,Coup de main,おてつだい,帮忙,돕기,Helping,Helping,Helping out,Helping hand,Helping,Helping,Helping
SHOP_GROUP_ON_CAST,shop_skin.gd,13,11,200,,Casting the Net,Lançando a Rede,Lanzando la red,Beim Auswerfen,Lancer le filet,あみを投げるとき,撒网,그물을 던질 때,On the throw,Casting the net,When casting,Casting the net,When casting the net,Casting the net,When throwing the net
SHOP_GROUP_AT_YARDS,shop_skin.gd,13,11,200,,Money Bonus,Bônus de Dinheiro,Dinero extra,Geldbonus,Bonus d'argent,お金のボーナス,金钱加成,돈 보너스,At the piers,Extra money,Money bonus,Money bonus,Money bonus,Money bonus,Money bonus
TRACK_NET_WIDTH,lake.gd,16,11,87,An upgrade's name. All 17 must stay different words.,Size,Tamanho,Tamaño,Größe,Taille,大きさ,尺寸,크기,Size,Size,Size,Size,Size,Size,Size
TRACK_NET_STRENGTH,lake.gd,16,11,87,An upgrade's name. All 17 must stay different words.,Strength,Força,Fuerza,Stärke,Force,パワー,力量,힘,Strength,Strength,Strength,Strength,Power,Strength,Strength
TRACK_NET_RANGE,lake.gd,16,11,87,An upgrade's name. All 17 must stay different words.,Range,Alcance,Alcance,Wurfweite,Portée,飛距離,距离,사거리,Reach,Range,Throwing distance,Range,Flight distance,Distance,Range (reach distance)
TRACK_REEL,lake.gd,16,11,87,An upgrade's name. All 17 must stay different words.,Reel,Recolha,Recogida,Einholen,Remontée,巻き取り,收网,되감기,Reel,Retrieval,Hauling in,Reeling in,Reeling in,Reel in the net,Reeling back
TRACK_NET_HOLD,lake.gd,16,11,87,An upgrade's name. All 17 must stay different words.,Catch,Captura,Captura,Fang,Prise,キャッチ,捕获量,수거량,Catch,Capture,Catch,Catch,Catch,Catch amount,Amount collected
TRACK_BOAT_SPEED,lake.gd,16,11,87,An upgrade's name. All 17 must stay different words.,Speed,Rapidez,Rapidez,Tempo,Vitesse,スピード,速度,속도,Speed,Quickness,Speed,Speed,Speed,Speed,Speed
TRACK_CARGO,lake.gd,16,11,87,An upgrade's name. All 17 must stay different words.,Capacity,Carrega,Capacidad,Laderaum,Capacité,積める量,载货量,적재량,Capacity,Capacity,Cargo hold,Capacity,Amount it can load,Cargo capacity,Load capacity
TRACK_BOAT_VOLLEY,lake.gd,16,11,87,An upgrade's name. All 17 must stay different words.,Loading,Carga,Carga,Verladen,Chargement,積みおろし,装卸,하역,Loading,Load,Loading/unloading,Loading,Loading and unloading,Loading and unloading,Loading/unloading
TRACK_FLEET,lake.gd,16,11,87,An upgrade's name. All 17 must stay different words.,Boats,Barcos,Barcos,Boote,Bateaux,ボート数,船队,배,Fleet,Boats,Boats,Boats,Boat count,Fleet,Boats
TRACK_DOG_COUNT,lake.gd,16,11,87,An upgrade's name. All 17 must stay different words.,Pack,Matilha,Manada,Rudel,Meute,群れ,狗群,무리,Pack,Pack,Pack,Pack,Pack,Dog pack,Pack
TRACK_DOG_STRENGTH,lake.gd,16,11,87,"The dogs' upgrade: the same word as TRACK_NET_STRENGTH, by decision (2026-10-10).",Strength,Força,Fuerza,Stärke,Force,パワー,力量,힘,Carry,Strength,Strength,Strength,Power,Strength,Strength
TRACK_DOG_FETCH,lake.gd,16,11,87,An upgrade's name. All 17 must stay different words.,Fetch,Busca,Busca,Bringen,Collecte,取ってこい,叼回,물어오기,Fetch,Search,Bringing (fetch),Collection,Go fetch,Fetch back (in the mouth),Fetching
TRACK_DOG_WAIT,lake.gd,16,11,87,An upgrade's name. All 17 must stay different words.,Keenness,Vontade,Energía,Eifer,Entrain,やる気,干劲,의욕,Eagerness,Energy,Eagerness,Eagerness,Keenness / motivation,Drive / zeal,Eagerness
TRACK_RECYCLE_BONUS,lake.gd,16,11,87,An upgrade's name. All 17 must stay different words.,$ Bonus,$ Bônus,$ Extra,$ Bonus,$ Bonus,$ボーナス,$加成,$ 보너스,$ Bonus,$ Extra,$ Bonus,$ Bonus,$ bonus,$ bonus,$ Bonus
TRACK_BIRD_WORTH,lake.gd,16,11,87,An upgrade's name. All 17 must stay different words.,Pigeons,Pombos,Palomas,Tauben,Pigeons,ハト,鸽子,비둘기,Pigeons,Pigeons,Pigeons,Pigeons,Pigeons,Pigeons,Pigeons
TRACK_LUCKY_HAUL,lake.gd,16,11,87,An upgrade's name. All 17 must stay different words.,Luck,Sorte,Suerte,Glück,Chance,ラッキー,幸运,행운,Luck,Luck,Luck,Luck,Lucky,Luck,Luck
TRACK_DOUBLE_CAST,lake.gd,16,11,87,An upgrade's name. All 17 must stay different words.,Double cast,Dobro,Doble,Doppel,Double,ダブル,双网,쌍그물,Double,Double,Double,Double,Double,Double net,Twin net
BLURB_NET_WIDTH,lake.gd,13,11,0,"PLACEHOLDER wording. Shown when hovering the row's ""?"".",The size of the net's ring.,O tamanho da circunferência da rede.,El tamaño del círculo de la red.,Wie groß der Ring des Netzes ist.,La taille du cercle du filet.,あみの輪の大きさ。,渔网撒开后的圆圈大小。,그물이 펼쳐지는 원의 크기예요.,"The size of the net, and how much each cast covers.",The size of the net's circle.,How big the net's ring is.,The size of the net's circle.,The size of the net's ring.,The size of the circle the net makes when spread.,It is the size of the circle the net spreads into.
BLURB_NET_STRENGTH,lake.gd,13,11,0,"PLACEHOLDER wording. Shown when hovering the row's ""?"".",Which object weight tiers the net can lift.,Quais níveis de peso de objeto a rede pode pegar.,Qué niveles de peso de objeto puede atrapar la red.,Welche Gewichtsstufen das Netz fangen kann.,Les niveaux de poids d'objets que le filet peut attraper.,あみで取れるものの重さランク。,渔网能捞起哪些重量等级的物品。,그물이 잡을 수 있는 물건의 무게 등급이에요.,Which weight tiers the net can catch.,Which object weight tiers the net can catch.,Which weight tiers the net can catch.,The object weight tiers the net can catch.,The weight tiers of things the net can catch.,Which weight tiers of objects the net can scoop up.,It is the weight tier of objects the net can catch.
BLURB_NET_RANGE,lake.gd,13,11,0,"PLACEHOLDER wording. Shown when hovering the row's ""?"".",How far the net reaches across the lake.,Até onde a rede alcança no lago.,Hasta dónde llega la red en el lago.,Wie weit das Netz auf dem See reicht.,Jusqu'où le filet peut aller sur le lac.,あみが湖のどこまでとどくか。,渔网在湖上能撒多远。,그물이 호수에서 닿는 거리예요.,How far the angler can throw the net.,How far the net reaches on the lake.,How far the net reaches on the lake.,How far the net can go on the lake.,How far across the lake the net reaches.,How far the net can be cast on the lake.,It is the distance the net reaches on the lake.
BLURB_REEL,lake.gd,13,11,0,"PLACEHOLDER wording. Shown when hovering the row's ""?"".",How fast the net is reeled back in.,A velocidade com que a rede é recolhida.,La velocidad con la que se recoge la red.,Wie schnell das Netz eingeholt wird.,La vitesse à laquelle le filet est ramené.,あみを巻き取る速さ。,收回渔网的速度。,그물을 다시 감아 오는 속도예요.,The speed at which the net is pulled back.,The speed with which the net is pulled back in.,How fast the net is hauled in.,The speed at which the net is brought back.,How fast the net is reeled in.,The speed of pulling the net back.,It is the speed of winding the net back.
BLURB_NET_HOLD,lake.gd,13,11,0,"PLACEHOLDER wording. Shown when hovering the row's ""?"".",The most pieces one cast can bring back.,Máximo de peças que um lançamento consegue trazer.,Máximo de piezas que puede traer un lanzamiento.,Wie viele Teile ein Wurf höchstens zurückbringt.,Le nombre maximum d'objets qu'un lancer peut rapporter.,ひと投げで持ち帰れるものの最大の数。,撒一次网最多能带回几件物品。,한 번 던져서 가져올 수 있는 최대 개수예요.,How many pieces one throw can bring.,Maximum of pieces that one cast can bring.,How many pieces a cast brings back at most.,The maximum number of objects a cast can bring back.,The most things one cast can bring home.,At most how many pieces one cast can bring back.,It is the maximum number one throw can bring back.
BLURB_BOAT_SPEED,lake.gd,13,11,0,"PLACEHOLDER wording. Shown when hovering the row's ""?"".",How fast the boats travel between the island and the piers.,A velocidade dos barcos em movimento entre ilha e píeres.,La velocidad de los barcos entre la isla y los muelles.,Wie schnell die Boote zwischen Insel und Stegen fahren.,La vitesse des bateaux entre l'île et les pontons.,島とさんばしのあいだを進むボートの速さ。,船在小岛和码头之间航行的速度。,섬과 부두 사이를 오가는 배의 속도예요.,How fast the boats travel between the island and the piers.,The speed of the boats between the island and the piers.,How fast the boats travel between island and piers.,The speed of the boats between the island and the piers.,The speed of the boats going between the island and the piers.,The speed boats sail between the island and the piers.,It is the speed of the boats going between the island and the piers.
BLURB_CARGO,lake.gd,13,11,0,"PLACEHOLDER wording. Shown when hovering the row's ""?"".",How many pieces the boats carry per trip.,Quantas peças os barcos levam por viagem.,Cuántas piezas llevan los barcos por viaje.,Wie viele Teile die Boote pro Fahrt mitnehmen.,Combien d'objets les bateaux emportent par trajet.,ボートが1回に運べる個数。,船每趟能运几件物品。,배가 한 번 갈 때 싣는 개수예요.,How many pieces the boats carry a trip.,How many pieces the boats carry per trip.,How many pieces the boats take along per trip.,How many objects the boats take per trip.,How many pieces a boat carries in one trip.,How many pieces the boats carry per trip.,It is the number a boat loads per trip.
BLURB_BOAT_VOLLEY,lake.gd,13,11,0,"PLACEHOLDER wording. Shown when hovering the row's ""?"".",How fast the boats load from and unload into the recycle boxes.,A rapidez com que os barcos jogam e recebem objetos das caixas de reciclagem.,La rapidez con la que los barcos reciben y echan objetos en las cajas de reciclaje.,Wie schnell die Boote Objekte an den Recyclingkisten ein- und ausladen.,La rapidité des bateaux pour charger et décharger les objets des bacs de recyclage.,ボートがリサイクル箱とのあいだで、ものを積みおろしする速さ。,船在回收箱装卸物品的速度。,배가 재활용 상자와 물건을 주고받는 속도예요.,How quickly the boats load up and throw it into the piers' boxes.,The quickness with which the boats receive and toss objects into the recycle boxes.,How fast the boats load and unload objects at the recycle boxes.,The quickness of the boats at loading and unloading the objects of the recycle boxes.,How fast the boats load and unload things with the recycle boxes.,The speed boats load and unload objects at the recycle boxes.,It is the speed at which boats give and take objects with the recycle boxes.
BLURB_FLEET,lake.gd,13,11,0,"PLACEHOLDER wording. Shown when hovering the row's ""?"".",Adds boats to the fleet.,Adiciona barcos à frota,Añade barcos a la flota,Fügt der Flotte Boote hinzu.,Ajoute des bateaux à la flotte.,ボートを増やします。,为船队增加船只,배를 추가해요,Adds another boat on the water.,Adds boats to the fleet,Adds boats to the fleet.,Adds boats to the fleet.,Adds boats.,Adds boats to the fleet,Adds boats
BLURB_DOG_COUNT,lake.gd,13,11,0,"PLACEHOLDER wording. Shown when hovering the row's ""?"".",Adopts more dogs for the pack.,Adota os cães para a matilha,Adopta perros para tu manada,Adoptiert neue Hunde für das Rudel.,Adopte des chiens pour la meute.,犬をむかえて、群れに加えます。,收养狗狗加入狗群,강아지를 입양해 무리에 들여요,One more dog for the pack.,Adopt dogs for your pack,Adopts new dogs for the pack.,Adopt dogs for the pack.,Welcomes dogs and adds them to the pack.,Adopt dogs to join the pack,Adopt dogs and bring them into the pack
BLURB_DOG_STRENGTH,lake.gd,13,11,0,"PLACEHOLDER wording. Shown when hovering the row's ""?"".",The weight tier of objects the dogs can carry.,O nível de peso de objetos que os cães podem carregar.,El nivel de peso de los objetos que pueden llevar los perros.,"Die Gewichtsstufe der Objekte, die die Hunde tragen können.",Le niveau de poids des objets que les chiens peuvent porter.,犬が運べるものの重さランク。,狗能叼起的物品重量等级。,강아지가 옮길 수 있는 물건의 무게 등급이에요.,The weight tier of the pieces the dogs can carry.,The weight tier of the objects the dogs can carry.,The weight tier of the objects the dogs can carry.,The weight tier of the objects the dogs can carry.,The weight tier of things the dogs can carry.,The weight tier of objects the dogs can pick up in their mouths.,It is the weight tier of objects the dogs can carry.
BLURB_DOG_FETCH,lake.gd,13,11,0,"PLACEHOLDER wording. Shown when hovering the row's ""?"".",How many pieces the dogs can bring back per trip.,Quantas peças cães podem trazer por viagem.,Cuántas piezas pueden traer los perros por viaje.,Wie viele Teile die Hunde pro Runde bringen können.,Combien d'objets les chiens peuvent rapporter par trajet.,犬が1回に持ち帰れる個数。,狗每趟能叼回几件物品。,강아지가 한 번에 물어 오는 개수예요.,How many pieces the dogs bring back a trip.,How many pieces the dogs can bring per trip.,How many pieces the dogs can bring per round.,How many objects the dogs can bring back per trip.,How many pieces a dog can bring back in one trip.,How many pieces the dogs can fetch back per trip.,It is the number a dog fetches at a time.
BLURB_DOG_WAIT,lake.gd,13,11,0,"PLACEHOLDER wording. Shown when hovering the row's ""?"".","How long a dog rests between trips, at most.","Quanto tempo, no máximo, o cão descansa entre as viagens.","Cuánto tiempo, como máximo, descansa el perro entre viajes.",Wie lange ein Hund zwischen den Runden höchstens ausruht.,Le temps de repos maximum d'un chien entre deux trajets.,犬がつぎに出かけるまでに休む、いちばん長い時間。,狗在两趟之间最多休息多久。,강아지가 한 번 다녀온 뒤 쉬는 최대 시간이에요.,"How long a dog rests between trips, at most.","How much time, at most, the dog rests between trips.",How long a dog rests between rounds at most.,The maximum rest time of a dog between two trips.,The longest time a dog rests before going out next.,At most how long the dog rests between two trips.,It is the maximum time a dog rests after one trip.
BLURB_RECYCLE_BONUS,lake.gd,13,11,0,"PLACEHOLDER wording. Shown when hovering the row's ""?"".","Every 30s, one pier pays a bonus percentage on each object it recycles.","Um píer por vez, a cada 30s, adiciona uma porcentagem bônus ao pagamento por objeto reciclado.","Un muelle a la vez, cada 30 s, añade un porcentaje extra al pago por objeto reciclado.",Alle 30 s bekommt ein anderer Steg einen Prozentbonus auf jedes recycelte Objekt.,"Un ponton à la fois, toutes les 30 s, ajoute un bonus en pourcentage au paiement par objet recyclé.",30秒ごとに選ばれる1つのさんばしで、リサイクルしたもの1個あたりにもらえるお金が、ボーナスの％ぶん増えます。,每30秒轮换一个码头，为每件回收物品的收入增加一定比例的加成。,30초마다 부두 한 곳씩 돌아가며 재활용한 물건 값을 몇 퍼센트 더 쳐 줘요.,"Adds a bonus to one pier at a time, every 30s.","One pier at a time, every 30 s, adds an extra percentage to the payment per recycled object.",Every 30 s another pier gets a percentage bonus on each recycled object.,"One pier at a time, every 30 s, adds a percentage bonus to the payment per recycled object.","At one pier chosen every 30 seconds, the money you get per recycled piece goes up by the bonus percent.",Every 30 seconds one pier in turn adds a percentage bonus to the income of each recycled piece.,"Every 30 seconds, one pier at a time in turn pays a few percent more for recycled objects."
BLURB_BIRD_WORTH,lake.gd,13,11,0,"PLACEHOLDER wording. Shown when hovering the row's ""?"".",Raises what a netted pigeon is worth.,Aumenta o valor de um pombo pego na rede.,Aumenta el valor de una paloma atrapada en la red.,"Erhöht den Wert einer Taube, die im Netz landet.",Augmente la valeur d'un pigeon attrapé dans le filet.,ハトをあみで取ったときにもらえるお金が増えます。,提高网到的鸽子的价值。,그물로 잡은 비둘기의 값을 올려요.,How much a pigeon caught in the net is worth.,Raises the value of a pigeon caught in the net.,Raises the value of a pigeon that lands in the net.,Increases the value of a pigeon caught in the net.,The money you get when you net a pigeon goes up.,Raises the value of a netted pigeon.,Raises the value of a pigeon caught with the net.
BLURB_LUCKY_HAUL,lake.gd,13,11,0,"PLACEHOLDER wording. Shown when hovering the row's ""?"".",Raises the chance that a cast catches heavier tiers and more objects.,Aumenta a chance do lançamento pegar objetos de nível mais pesado e maiores quantidades.,Aumenta la probabilidad de que un lanzamiento atrape objetos de niveles más pesados y en mayor cantidad.,"Erhöht die Chance, dass ein Wurf mehr und schwerere Objekte fängt.","Augmente les chances qu'un lancer attrape des objets plus lourds, et en plus grand nombre.",ひと投げで、重いランクのものや、より多くのものが取れるチャンスが上がります。,提高撒网捞到更重等级、更多数量物品的几率。,던질 때 더 무거운 등급의 물건을 더 많이 잡을 확률을 올려요.,Odds that a cast catches heavier tiers and more pieces.,Raises the probability that a cast catches objects of heavier tiers and in greater quantity.,Raises the chance that a cast catches more and heavier objects.,"Increases the chances that a cast catches heavier objects, and in greater number.",Raises the chance that one cast catches heavier-tier things and more things.,Raises the chance that a cast scoops up heavier-tier objects in larger numbers.,Raises the chance of catching more objects of heavier tiers when throwing.
BLURB_DOUBLE_CAST,lake.gd,13,11,0,"PLACEHOLDER wording. Shown when hovering the row's ""?"".","The chance that a cast throws a second net, a copy of your current one.","Chance de um lançamento jogar uma segunda rede, cópia da rede atual.","Probabilidad de que un lanzamiento lance una segunda red, copia de la red actual.","Chance, dass ein Wurf ein zweites Netz auswirft, eine Kopie des aktuellen Netzes.","Chance qu'un lancer jette un second filet, copie du filet actuel.",ひと投げで、今のあみのコピーをもう1つ投げるチャンス。,撒网时再撒出一张相同渔网的几率。,던질 때 지금 그물과 똑같은 그물을 하나 더 던질 확률이에요.,Chance a throw throws a second net beside the first.,"Probability that a cast throws a second net, a copy of the current net.","Chance that a cast throws a second net, a copy of the current net.","Chance that a cast throws a second net, copy of the current net.",The chance that one cast throws one more copy of the current net.,The chance of casting one more identical net when you cast.,It is the chance of throwing one more net identical to the current net when throwing.
SHOP_TIER_PREFIX,lake.gd,13,11,40,"Goes before a number: ""Tier 2 → 3"". Keep the trailing space if your language needs one.",Tier ,Nív. ,Niv. ,Stufe ,Niv. ,ランク,等级,등급 ,Lvl. ,Tier ,Tier ,Lvl. ,Tier,Tier,Tier 
SHOP_MAX,lake.gd,16,11,60,Replaces the price on a fully bought upgrade.,Max,Máx,Máx,Max,Max,最大,满级,최대,Max,Max,Max,Max,Max,Max level,Max
SHOP_LEGEND,lake.gd,13,11,0,,Boats take each material to its own pier to be recycled and sold. The prices above are the average paid per piece.,Barcos visitam os respectivos píeres para reciclagem e venda dos materiais. Os valores acima são a média paga por peça.,Los barcos visitan sus respectivos muelles para reciclar y vender los materiales. Los valores de arriba son el promedio pagado por pieza.,"Die Boote fahren zu ihren Stegen, um die Materialien zu recyceln und zu verkaufen. Die Werte oben sind der Durchschnitt pro Teil.",Les bateaux vont à leurs pontons pour recycler et vendre les matériaux. Les valeurs ci-dessus sont la moyenne payée par objet.,ボートはそれぞれのさんばしで、素材をリサイクルして売ります。上の値段は1個あたりの平均です。,船会前往对应的码头，回收并出售材料。上方数值是每件物品的平均收入。,배는 각 부두를 찾아가 재료를 재활용하고 팔아요. 위의 값은 개당 평균 금액이에요.,Boats visit their piers to recycle and sell each material. The prices above are the average paid per piece.,The boats visit their respective piers to recycle and sell the materials. The values above are the average paid per piece.,The boats go to their piers to recycle and sell the materials. The values above are the average per piece.,The boats go to their piers to recycle and sell the materials. The values above are the average paid per object.,Boats recycle and sell the materials at their own piers. The prices above are the average per piece.,Boats go to their matching piers to recycle and sell the materials. The values above are the average income per piece.,Boats visit each pier to recycle and sell the materials. The values above are the average amount per piece.
SHOP_BONUS_LINE,shop_skin.gd,13,11,0,"%s is a percent, %d seconds.",Bonus: %s for %ds,Bônus: %s por %ds,Extra: %s por %d s,Bonus: %s für %ds,Bonus : %s pendant %ds,ボーナス：%s（%d秒）,加成：%s，持续%d秒,"보너스: %s, %d초 동안",Bonus: %s for %ds,Extra: %s for %d s,Bonus: %s for %ds,Bonus: %s for %ds,Bonus: %s (%d seconds),"Bonus: %s, lasting %d seconds","Bonus: %s, for %d seconds"
HUD_WAITING,hud_skin.gd,13,11,96,Pieces in the island crate waiting for a boat.,Waiting,Esperando,Esperando,Wartend,En attente,出荷待ち,等待中,대기 중,Waiting,Waiting,Waiting,Waiting,Waiting to ship,Waiting,Waiting
HUD_UPGRADES,hud_skin.gd,13,11,96,,Upgrades,Melhorias,Mejoras,Upgrades,Améliorer,強化,升级,업그레이드,Upgrades,Upgrades,Upgrades,Upgrade,Upgrades,Upgrade,Upgrade
HUD_DECORATE,hud_buttons.gd,13,11,96,,Decorate,Decorar,Decorar,Dekorieren,Décorer,もようがえ,装饰,꾸미기,Decorate,Decorate,Decorate,Decorate,Room makeover,Decorate,Decorating
HUD_PIECES_LEFT_1,lake.gd,16,13,180,,1 piece left,Falta 1 peça,Falta 1 pieza,Noch 1 Teil,Il reste 1 objet,のこり1個,还剩1件,1개 남음,1 piece missing,1 piece is missing,1 more piece,1 object remains,1 piece left,1 piece left,1 left
HUD_PIECES_LEFT_N,lake.gd,16,13,180,%d is 2 to 50.,%d pieces left,Faltam %d peças,Faltan %d piezas,Noch %d Teile,Il reste %d objets,のこり%d個,还剩%d件,%d개 남음,%d pieces missing,%d pieces are missing,%d more pieces,%d objects remain,%d pieces left,%d pieces left,%d left
SHELF_TITLE,shed_room.gd,20,13,220,,Decorate,Decorar,Decorar,Dekorieren,Décorer,もようがえ,装饰,꾸미기,Decorate,Decorate,Decorate,Decorate,Room makeover,Decorate,Decorating
SHELF_TITLE_N,shed_room.gd,20,13,220,%d is how many pieces are on the shelf.,Decorate %d,Decorar %d,Decorar %d,Dekorieren %d,Décorer %d,もようがえ %d,装饰 %d,꾸미기 %d,Decorate  %d,Decorate %d,Decorate %d,Decorate %d,Room makeover %d,Decorate %d,Decorating %d
SHELF_EMPTY,shed_shelf.gd,13,11,220,,No decorations.,Nenhuma decoração.,Ninguna decoración.,Keine Deko.,Aucune décoration.,インテリアはありません。,还没有装饰品。,장식이 없어요.,No decorations.,No decoration.,No decor.,No decoration.,There are no decorations.,No decorations yet.,There are no decorations.
SHELF_WASH_N,shed_room.gd,20,13,160,The shelf's wash plank; %d is how many finds wait at the pump.,Wash %d,Lavar %d,Lavar %d,Waschen %d,Laver %d,洗う %d,清洗 %d,씻기 %d,Wash  %d,Wash %d,Wash %d,Wash %d,Wash %d,Wash %d,Washing %d
LETTER_TITLE,letter.gd,20,16,300,The plank over every card but the first: the board is the game's instructions.,How to play,Como jogar,Cómo jugar,Anleitung,Comment jouer,あそびかた,玩法说明,게임 방법,How to play,How to play,Instructions,How to play,How to play,Gameplay instructions,How to play
LETTER_NET_HEAD,letter.gd,20,16,540,,Net,Rede,Red,Netz,Filet,あみ,渔网,그물,Net,Net,Net,Net,Net,Fishing net,Net
LETTER_NET_GREEN,letter.gd,13,11,200,Caption under a picture of the green aim ring: the net will surely catch something.,Guaranteed catch,Objetos garantidos,Objetos garantizados,Objekte garantiert,Objets garantis,かならず取れる,一定能捞到物品,확실히 잡혀요,Guaranteed objects,Guaranteed objects,Objects guaranteed,Guaranteed objects,Will surely catch,Will surely scoop up objects,Surely gets caught
LETTER_NET_RED,letter.gd,13,11,200,Caption under a picture of the red aim ring: nothing there the net can lift.,No objects,Nenhum objeto,Ningún objeto,Kein Objekt,Aucun objet,取れるものなし,没有可捞的物品,잡을 물건이 없어요,No object,No object,No object,No object,Nothing to catch,No objects to scoop,There is nothing to catch
LETTER_NET_WHITE,letter.gd,13,11,200,Caption under a picture of the dashed ring: too far to throw.,Out of range,Fora do alcance,Fuera de alcance,Außer Reichweite,Hors de portée,とどかない,超出撒网距离,사거리 밖이에요,Out of reach,Out of range,Out of reach,Out of range,Does not reach,Beyond casting distance,It is out of range
LETTER_UPGRADES_HEAD,letter.gd,20,16,540,,Upgrades,Melhorias,Mejoras,Upgrades,Améliorations,強化,升级,업그레이드,Upgrades,Upgrades,Upgrades,Upgrades,Upgrades,Upgrades,Upgrades
LETTER_WEIGHT_HEAD,letter.gd,20,16,540,Card heading: rubbish comes in weight tiers.,Object tier,Nível do objeto,Nivel del objeto,Gewichtsstufe,Niveau de l'objet,重さランク,物品等级,물건 무게 등급,Object level,Tier of the object,Weight tier,Tier of the object,Weight tier,Object tier,Object weight tier
LETTER_WEIGHT_CAP1,letter.gd,13,11,160,,Too heavy,Pesado demais,Demasiado pesado,Zu schwer,Trop lourd,重すぎる,太重了,너무 무거워요,Too heavy,Too heavy,Too heavy,Too heavy,Too heavy,Too heavy,It's too heavy
LETTER_WEIGHT_CAP2,letter.gd,13,11,200,Caption under a picture of the Strength shop row.,Upgrade Strength,Melhore a Força,Mejora la Fuerza,Verbessere die Stärke,Améliore la Force,パワーを強化,升级力量,힘 업그레이드,Improve Strength,Upgrade the Strength,Upgrade the Strength,Upgrade the Strength,Upgrade Power,Upgrade Strength,Strength upgrade
LETTER_DECOR_HEAD,letter.gd,20,16,540,,Decoration,Decoração,Decoración,Deko,Décoration,インテリア,装饰品,장식,Decoration,Decoration,Decor,Decoration,Decoration,Decorations,Decoration
LETTER_DECOR_LINE,letter.gd,16,11,0,Wraps.,Some objects are decorations for your house.,Alguns objetos são decoração para a sua casa.,Algunos objetos son decoración para tu casa.,Manche Objekte sind Deko für dein Haus.,Certains objets sont des décorations pour ta maison.,取ったものの中には、家のインテリアになるものもあります。,有些物品可以用来装饰你的房子。,어떤 물건은 집을 꾸밀 장식이에요.,Some catches are decorations for your house.,Some objects are decoration for your house.,Some objects are decor for your house.,Some objects are decorations for your house.,"Among the things you catch, some become decorations for the house.",Some objects can be used to decorate your house.,Some objects are decorations to decorate the house.
LETTER_DECOR_CAP1,letter.gd,13,11,160,,Catch objects,Pegue objetos,Atrapa objetos,Fang Objekte,Attrape des objets,ものを取る,捞起物品,물건 잡기,Catch objects,Catch objects,Catch objects,Catch objects,Catch things,Scoop up objects,Catch objects
LETTER_DECOR_CAP2,letter.gd,13,11,160,,Wash,Lave,Lávalos,Wasch sie,Lave,洗う,清洗,씻기,Wash,Wash them,Wash them,Wash,Wash,Wash,Wash
LETTER_DECOR_CAP3,letter.gd,13,11,200,Caption under a picture of the furnished shed.,Decorate,Decore,Decora,Dekoriere,Décore,かざる,装饰,꾸미기,Decorate,Decorate,Decorate,Decorate,Decorate,Decorate,Decorate
LETTER_START,letter.gd,16,13,180,,Start cleaning,Começar a limpar,Empezar a limpiar,"Los, aufräumen!",Commence à nettoyer,そうじをはじめる,开始清理,청소 시작,Start cleaning,Start cleaning,"Go on, tidy up!",Start cleaning,Start cleaning,Start cleaning,Start cleaning
WASH_TITLE,wash_room.gd,20,13,220,,To wash,Para lavar,Por lavar,Zu waschen,À laver,洗うもの,待清洗,씻을 것,To wash,To be washed,To wash,To wash,Things to wash,To be washed,Things to wash
WASH_EMPTY_1,wash_room.gd,13,11,220,,Nothing available.,Nada disponível.,Nada disponible.,Nichts verfügbar.,Rien de disponible.,何もありません。,暂无物品。,아무것도 없어요.,Nothing available.,Nothing available.,Nothing available.,Nothing available.,There is nothing.,No items for now.,There is nothing.
WASH_EMPTY_2,wash_room.gd,13,11,220,Lines 2 and 3 are one sentence.,Find decorations and,Encontre decorações e,Encuentra decoraciones y,Finde Deko und,Trouve des décorations et,インテリアを見つけたら,找到装饰品后，,장식을 찾아서,Find decorations and,Find decorations and,Find decor and,Find decorations and,When you find decorations,"After finding decorations,",Find decorations and
WASH_EMPTY_3,wash_room.gd,13,11,220,Lines 2 and 3 are one sentence.,wash them here.,lave-as aqui.,lávalas aquí.,wasch sie hier.,lave-les ici.,ここで洗いましょう。,在这里清洗。,여기서 씻어요.,wash them here.,wash them here.,wash it here.,wash them here.,wash them here.,wash them here.,wash them here.
END_LINE_1,farewell.gd,26,20,0,,Nature is back and thanks you for your help!,A natureza está de volta e agradece sua ajuda!,¡La naturaleza ha vuelto y agradece tu ayuda!,Die Natur ist zurück und dankt dir für deine Hilfe!,La nature est de retour et te remercie pour ton aide !,自然がもどってきて、あなたの助けに感謝しています！,大自然回来了，感谢你的帮助！,자연이 돌아왔어요. 도와줘서 고맙대요!,"The lake is clean, and now you can live in peace.",Nature has come back and thanks you for your help!,Nature is back and thanks you for your help!,Nature is back and thanks you for your help!,Nature has come back and is grateful for your help!,Nature has come back and thanks you for your help!,Nature has come back. It says thanks for helping!
END_LINE_2,farewell.gd,26,20,0,,Thanks for playing.,Obrigado por jogar.,Gracias por jugar.,Danke fürs Spielen.,Merci d'avoir joué.,遊んでくれてありがとう。,感谢游玩。,플레이해 줘서 고마워요.,Thanks for playing!,Thank you for playing.,Thanks for playing.,Thank you for playing.,Thank you for playing.,Thanks for playing.,Thanks for playing.
END_BACK,farewell.gd,16,13,200,,Back to menu,Voltar ao menu,Volver al menú,Zurück zum Menü,Retour au menu,メニューにもどる,返回菜单,메뉴로 돌아가기,Back to menu,Back to the menu,Back to the menu,Back to the menu,Return to the menu,Return to menu,Go back to the menu
DEMO_BACK_LAKE,farewell.gd,16,13,200,The demo ending's door back to the finished lake.,Back to lake,Voltar ao lago,Volver al lago,Zurück zum See,Retour au lac,湖にもどる,返回湖边,호수로 돌아가기,Back to the lake,Back to the lake,Back to the lake,Back to the lake,Return to the lake,Return to the lakeside,Go back to the lake
DEMO_LINE_1,farewell.gd,26,20,0,"The demo's closing words, first line.",That's the end of the demo.,Esse é o fim da demo.,Este es el final de la demo.,Das ist das Ende der Demo.,C'est la fin de la démo.,体験版はここまでです。,试玩版到此结束。,체험판은 여기까지예요.,That's the end of the demo.,This is the end of the demo.,That is the end of the demo.,This is the end of the demo.,The demo ends here.,The demo ends here.,The demo is up to here.
DEMO_LINE_2,farewell.gd,26,20,0,"The demo's closing words, second line.",Thanks for playing! Add the game to your wishlist.,Obrigado por jogar! Adicione à lista de desejos.,¡Gracias por jugar! Añádelo a tu lista de deseados.,Danke fürs Spielen! Setz das Spiel auf deine Wunschliste.,Merci d'avoir joué ! Ajoute le jeu à ta liste de souhaits.,遊んでくれてありがとう！ウィッシュリストに追加してください。,感谢游玩！欢迎加入愿望单。,플레이해 줘서 고마워요! 찜 목록에 추가해 주세요.,Thanks for playing! Add to the wishlist.,Thanks for playing! Add it to your wishlist.,Thanks for playing! Put the game on your wishlist.,Thanks for playing! Add the game to your wishlist.,Thank you for playing! Please add it to your wishlist.,Thanks for playing! You're welcome to add it to your wishlist.,Thanks for playing! Please add it to your wishlist.
DEMO_WISHLIST,farewell.gd,16,13,200,The demo's Wishlist Now doors: the main menu's corner and the ending's.,Add to Wishlist,Lista de Desejos,Lista de deseados,Auf die Wunschliste,Liste de souhaits,ウィッシュリストに追加,加入愿望单,찜 목록에 추가,Wishlist,Wishlist,Onto the wishlist,Wishlist,Add to wishlist,Add to wishlist,Add to wishlist
DEMO_LOCKED,shop_skin.gd,13,11,150,"A shop row the demo does not sell, in place of its figure.",Not in the demo,Fora da demo,No está en la demo,Nicht in der Demo,Pas dans la démo,製品版のみ,试玩版未开放,체험판에 없음,Outside the demo,Not in the demo,Not in the demo,Not in the demo,Full version only,Not open in the demo,Not in the demo
MATERIAL_PLASTIC,trash_def.gd,18,8,82,"Painted on a small plank at each pier, in capitals. Shrinks a pixel at a time; keep it short.",Plastic,Plástico,Plástico,Plastik,Plastique,プラスチック,塑料,플라스틱,Plastic,Plastic,Plastic,Plastic,Plastic,Plastic,Plastic
MATERIAL_WOOD,trash_def.gd,18,8,82,"Painted on a small plank at each pier, in capitals. Shrinks a pixel at a time; keep it short.",Wood,Madeira,Madera,Holz,Bois,木材,木材,나무,Wood,Wood,Wood,Wood,Wood (timber),Timber/wood,Wood
MATERIAL_METAL,trash_def.gd,18,8,82,"Painted on a small plank at each pier, in capitals. Shrinks a pixel at a time; keep it short.",Metal,Metal,Metal,Metall,Métal,金属,金属,금속,Metal,Metal,Metal,Metal,Metal,Metal,Metal
MATERIAL_RUBBER,trash_def.gd,18,8,82,"Painted on a small plank at each pier, in capitals. Shrinks a pixel at a time; keep it short.",Rubber,Borracha,Caucho,Gummi,Caoutchouc,ゴム,橡胶,고무,Rubber,Rubber,Rubber,Rubber,Rubber,Rubber,Rubber
TROPHY_FOUND,trophy.gd,20,13,500,,You found a decoration!,Achou uma decoração!,¡Decoración encontrada!,Du hast eine Deko gefunden!,Tu as trouvé une décoration !,インテリアを見つけました！,找到一件装饰品！,장식을 찾았어요!,Found a decoration!,Decoration found!,You found a decoration!,You found a decoration!,You found a decoration!,Found a decoration!,Found a decoration!
CREDITS_TITLE,credits_board.gd,16,13,0,,Credits,Créditos,Créditos,Credits,Crédits,クレジット,制作人员,크레딧,Credits,Credits,Credits,Credits,Credits,Production staff,Credits
CREDITS_HEAD_DESIGN,credits_board.gd,16,13,0,,"Design, Production and Sound","Design, Produção e Som","Diseño, producción y sonido","Design, Produktion und Sound","Conception, production et son",デザイン・制作・サウンド,设计、制作与音效,"디자인, 제작 및 사운드",Design and production,"Design, production and sound","Design, production and sound","Design, production and sound","Design, production, sound","Design, production and sound","Design, production and sound"
CREDITS_HEAD_MUSIC,credits_board.gd,16,13,0,,Music,Músicas,Música,Musik,Musiques,音楽,音乐,음악,Music and sound,Music,Music,Songs,Music,Music,Music
CREDITS_HEAD_ART,credits_board.gd,16,13,0,,Art and Assets,Arte e Assets,Arte y recursos,Grafik und Assets,Graphismes et ressources,アート・素材,美术与素材,아트 및 에셋,Art,Art and assets,Graphics and assets,Art and assets,Art and assets,Art and assets,Art and assets
CREDITS_HEAD_TOOLS,credits_board.gd,16,13,0,,Development Tool,Ferramenta de desenvolvimento,Herramienta de desarrollo,Entwicklungswerkzeug,Outil de développement,開発ツール,开发工具,개발 도구,Tools,Development tool,Development tool,Development tool,Development tool,Development tool,Development tool
DECOR_SOFA,pieces.json,13,11,180,A piece of furniture the player finds.,Sofa,Sofá,Sofá,Sofa,Canapé,ソファ,沙发,소파,Sofa,Sofa,Sofa,Sofa,Sofa,Sofa,Sofa
DECOR_LOVESEAT,pieces.json,13,11,180,A piece of furniture the player finds.,Armchair,Poltrona,Sillón,Sessel,Fauteuil,ひじ掛けいす,扶手椅,안락의자,Armchair,Armchair,Armchair,Armchair,Armchair,Armchair,Easy chair
DECOR_DINING_CHAIR,pieces.json,13,11,180,A piece of furniture the player finds.,Chair,Cadeira,Silla,Stuhl,Chaise,いす,椅子,의자,Chair,Chair,Chair,Chair,Chair,Chair,Chair
DECOR_DRESSER,pieces.json,13,11,180,A piece of furniture the player finds.,Dresser,Cômoda,Cómoda,Kommode,Commode,たんす,五斗柜,서랍장,Dresser,Dresser,Dresser,Dresser,Chest of drawers,Chest of drawers,Chest of drawers
DECOR_NIGHTSTAND,pieces.json,13,11,180,A piece of furniture the player finds.,Small table,Mesa Pequena,Mesita,Beistelltisch,Petite table,小さなテーブル,小桌,작은 테이블,Small table,Small table,Side table,Small table,Small table,Small table,Small table
DECOR_BOOKCASE_DRAWERS,pieces.json,13,11,180,A piece of furniture the player finds.,Bookcase,Estante,Librero,Bücherregal,Bibliothèque,本棚,书柜,책장,Bookcase,Bookcase,Bookshelf,Bookcase,Bookshelf,Bookcase,Bookcase
DECOR_BOOKCASE_TALL,pieces.json,13,11,180,A piece of furniture the player finds.,Bookcase,Estante,Estantería,Bücherregal,Bibliothèque,本棚,书架,책장,Bookcase,Bookcase,Bookcase,Bookcase,Bookshelf,Bookshelf,Bookcase
DECOR_BIG_TABLE,pieces.json,13,11,180,A piece of furniture the player finds.,Table,Mesa,Mesa,Tisch,Table,テーブル,桌子,테이블,Table,Table,Table,Table,Table,Table,Table
DECOR_SIDE_DESK,pieces.json,13,11,180,A piece of furniture the player finds.,Side desk,Escrivaninha,Escritorio,Beistelltisch,Petit bureau,小さな机,小书桌,작은 책상,Writing desk,Desk,Side table,Small desk,Small desk,Small desk,Small desk
DECOR_KITCHEN_COUNTER,pieces.json,13,11,180,A piece of furniture the player finds.,Kitchen counter,Balcão de cozinha,Encimera,Küchenzeile,Plan de travail,キッチン台,厨房台面,주방 조리대,Kitchen counter,Countertop,Kitchen unit,Worktop,Kitchen counter,Kitchen countertop,Kitchen counter
DECOR_TOILET,pieces.json,13,11,180,A piece of furniture the player finds.,Toilet,Privada,Inodoro,Toilette,Toilettes,トイレ,马桶,변기,Toilet,Toilet,Toilet,Toilet,Toilet,Toilet,Toilet
DECOR_BIG_RUG,pieces.json,13,11,180,A piece of furniture the player finds.,Rug,Tapete,Alfombra,Teppich,Tapis,じゅうたん,地毯,러그,Rug,Rug,Rug,Rug,Carpet,Rug,Rug
DECOR_OLD_RUG,pieces.json,13,11,180,A piece of furniture the player finds.,Rug,Tapete,Alfombra,Teppich,Tapis,じゅうたん,地毯,러그,Rug,Rug,Rug,Rug,Carpet,Rug,Rug
DECOR_FIREPLACE,pieces.json,13,11,180,A piece of furniture the player finds.,Fireplace,Lareira,Chimenea,Kamin,Cheminée,暖炉,壁炉,벽난로,Fireplace,Fireplace,Fireplace,Fireplace,Fireplace,Fireplace,Fireplace
DECOR_FRIDGE,pieces.json,13,11,180,A piece of furniture the player finds.,Fridge,Geladeira,Nevera,Kühlschrank,Frigo,冷蔵庫,冰箱,냉장고,Fridge,Fridge,Fridge,Fridge,Refrigerator,Refrigerator,Refrigerator
DECOR_PET_BED,pieces.json,13,11,180,A piece of furniture the player finds.,Pet bed,Cama de Pet,Cama de mascota,Haustierbett,Lit pour animal,ペットベッド,宠物床,반려동물 침대,Pet bed,Pet bed,Pet bed,Pet bed,Pet bed,Pet bed,Pet bed
DECOR_BED,pieces.json,13,11,180,A piece of furniture the player finds.,Bed,Cama,Cama,Bett,Lit,ベッド,床,침대,Bed,Bed,Bed,Bed,Bed,Bed,Bed
DECOR_LAMP,pieces.json,13,11,180,A piece of furniture the player finds.,Table lamp,Abajur,Lámpara de mesa,Tischlampe,Lampe de table,卓上ランプ,台灯,탁상 램프,Table lamp,Table lamp,Table lamp,Table lamp,Desk lamp,Desk lamp,Desk lamp
DECOR_STANDING_LAMP,pieces.json,13,11,180,A piece of furniture the player finds.,Lamp,Luminária,Lámpara,Lampe,Lampe,ランプ,灯,램프,Lamp,Lamp,Lamp,Lamp,Lamp,Lamp,Lamp
DECOR_OLD_CLOCK,pieces.json,13,11,180,A piece of furniture the player finds.,Clock,Relógio,Reloj,Uhr,Horloge,時計,时钟,시계,Clock,Clock,Clock,Clock,Clock,Clock,Clock
DECOR_COAT_HANGER,pieces.json,13,11,180,A piece of furniture the player finds.,Coat hanger,Cabideiro,Perchero,Garderobe,Portemanteau,コートかけ,衣帽架,옷걸이,Coat rack,Coat rack,Coat stand,Coat rack,Coat rack,Coat rack,Clothes hanger
DECOR_MIRROR,pieces.json,13,11,180,A piece of furniture the player finds.,Mirror,Espelho,Espejo,Spiegel,Miroir,鏡,镜子,거울,Mirror,Mirror,Mirror,Mirror,Mirror,Mirror,Mirror
DECOR_STOVE,pieces.json,13,11,180,A piece of furniture the player finds.,Stove,Fogão,Cocina,Herd,Cuisinière,コンロ,炉灶,가스레인지,Stove,Stove,Stove,Cooker,Stove,Stove,Gas range
DECOR_VYNIL_PLAYER,pieces.json,13,11,180,A piece of furniture the player finds.,Record Player,Toca-discos,Tocadiscos,Plattenspieler,Tourne-disque,レコードプレーヤー,唱片机,레코드 플레이어,Record player,Record player,Record player,Record player,Record player,Record player,Record player
DECOR_BATH_SINK,pieces.json,13,11,180,A piece of furniture the player finds.,Bathroom sink,Pia de banheiro,Lavabo,Waschbecken,Lavabo,洗面台,洗手台,세면대,Bathroom sink,Washbasin,Washbasin,Washbasin,Washbasin,Washbasin,Washbasin
DECOR_BATHTUB,pieces.json,13,11,180,A piece of furniture the player finds.,Bathtub,Banheira,Bañera,Badewanne,Baignoire,浴槽,浴缸,욕조,Bathtub,Bathtub,Bathtub,Bathtub,Bathtub,Bathtub,Bathtub
DECOR_IRON_BOARD,pieces.json,13,11,180,A piece of furniture the player finds.,Ironing board,Tábua de passar,Tabla de planchar,Bügelbrett,Planche à repasser,アイロン台,熨衣板,다림질판,Ironing board,Ironing board,Ironing board,Ironing board,Ironing board,Ironing board,Ironing board
DECOR_CENTER_TABLE,pieces.json,13,11,180,A piece of furniture the player finds.,Coffee table,Mesa de centro,Mesa de centro,Couchtisch,Table basse,ローテーブル,茶几,커피 테이블,Coffee table,Coffee table,Coffee table,Coffee table,Low table,Coffee table,Coffee table
DECOR_GAME_TABLE,pieces.json,13,11,180,A piece of furniture the player finds.,Card table,Mesa de jogos,Mesa de juego,Spieltisch,Table de jeu,カードテーブル,牌桌,카드 테이블,Game table,Game table,Game table,Game table,Card table,Card table,Card table
DECOR_TINY_BOOKCASE,pieces.json,13,11,180,A piece of furniture the player finds.,Bookcase,Estante,Estantería,Bücherregal,Bibliothèque,本棚,书架,책장,Bookcase,Bookcase,Bookcase,Bookcase,Bookshelf,Bookshelf,Bookcase
DECOR_OVAL_RUG,pieces.json,13,11,180,A piece of furniture the player finds.,Oval rug,Tapete oval,Alfombra ovalada,Ovaler Teppich,Tapis ovale,楕円のラグ,椭圆地毯,타원형 러그,Oval rug,Oval rug,Oval rug,Oval rug,Oval rug,Oval carpet,Oval rug
DECOR_FLOWER_POT,pieces.json,13,11,180,A piece of furniture the player finds.,Flower pot,Vaso de flor,Maceta,Blumentopf,Pot de fleur,植木鉢,花盆,화분,Flower pot,Flowerpot,Flower pot,Flower pot,Plant pot,Flower pot,Flower pot
DECOR_PLANT_POT,pieces.json,13,11,180,A piece of furniture the player finds.,Potted plant,Vaso de planta,Planta en maceta,Topfpflanze,Plante en pot,観葉植物,盆栽,관엽 식물,Plant pot,Potted plant,Potted plant,Potted plant,Foliage plant,Potted plant,Foliage plant
DECOR_PAINTING_A,pieces.json,13,11,180,A piece of furniture the player finds.,Painting,Quadro,Cuadro,Gemälde,Tableau,絵画,画作,그림,Painting,Painting,Painting,Painting,Painting,Painting,Painting
DECOR_PAINTING_B,pieces.json,13,11,180,A piece of furniture the player finds.,Painting,Quadro,Cuadro,Bild,Tableau,絵,画,그림,Painting,Painting,Picture,Painting,Picture,Painting,Painting
DECOR_CHEW_TOY,pieces.json,13,11,180,A piece of furniture the player finds.,Pet toy,Brinquedo Pet,Juguete de mascota,Haustierspielzeug,Jouet pour animal,ペットのおもちゃ,宠物玩具,반려동물 장난감,Pet toy,Pet toy,Pet toy,Pet toy,Pet's toy,Pet toy,Pet toy
DECOR_GLOBE,pieces.json,13,11,180,A piece of furniture the player finds.,Globe,Globo,Globo terráqueo,Globus,Globe,地球儀,地球仪,지구본,Globe,Globe,Globe,Globe,Globe,Globe,Globe
DECOR_RUG,pieces.json,13,11,180,A piece of furniture the player finds.,Rug,Tapete,Alfombra,Teppich,Tapis,ラグ,地毯,러그,Rug,Rug,Rug,Rug,Rug,Carpet,Rug
DECOR_AQUARIUM,pieces.json,13,11,180,A piece of furniture the player finds.,Aquarium,Aquário,Acuario,Aquarium,Aquarium,水そう,鱼缸,수족관,Aquarium,Aquarium,Aquarium,Aquarium,Fish tank,Fish tank,Aquarium
HUD_AVAILABLE,lake.gd,13,11,96,On the shed's copy of the upgrades button. %d is how many upgrades can be bought now.,%d for sale,%d à venda,%d en venta,%d zu kaufen,%d en vente,%d個買える,%d项可买,%d개 판매 중,%d ready,%d for sale,%d to buy,%d on sale (for sale),%d can be bought,%d items buyable,%d on sale
STEPS_NOTE,first_steps.gd,10,10,0,"First-steps note on a small paper card beside the recycle box, after the first catch. Wraps to about three lines.","Boats collect objects from the recycle box on the island and take them to the *piers, which can earn you extra money*","Barcos coletam da caixa na ilha, e levam aos *píeres que podem render dinheiro extra*","Los barcos recogen los objetos de la caja de la isla y los llevan a los *muelles, que pueden dar dinero extra*","Boote holen die Objekte aus der Kiste auf der Insel und bringen sie zu den *Stegen, die Extrageld bringen können*","Les bateaux récupèrent les objets du bac sur l'île et les livrent aux *pontons, qui peuvent rapporter de l'argent en plus*",ボートは島の箱から集めたものを、*お金をもっとかせげるさんばし*へ運びます,船会从岛上的箱子收走物品，运到*能带来额外收入的码头*,배가 섬의 상자에서 물건을 가져가 *돈을 더 벌 수 있는 부두*로 옮겨요,"Objects go to the recycle box, and boats take them to the piers for money","The boats collect the objects from the island's box and take them to the *piers, which can give extra money*",Boats fetch the objects from the box on the island and take them to the *piers that can bring extra money*,"The boats collect the objects from the box on the island and deliver them to the *piers, which can earn extra money*",The boats carry what they collect from the island's box to *the piers where you can earn more money*,Boats collect objects from the box on the island and carry them to *piers that can bring extra income*,Boats take objects from the box on the island and carry them to *the piers that can earn extra money*
TOUR_SKIP,tour_card.gd,10,10,80,"Tour card foot, left: ends the tour for good.",Skip,Pular,Omitir,Beenden,Passer,スキップ,跳过,건너뛰기,Skip,Skip,End (the tour),Skip,Skip,Skip,Skip
TOUR_CONTINUE,tour_card.gd,10,10,100,"Tour card foot, right, beside a mouse-click or pad button icon: next card.",Continue,Continuar,Continuar,Weiter,Continuer,つぎへ,继续,계속,Continue,Continue,Next,Continue,Next,Continue,Continue
TOUR_DECOR_HINT,lake.gd,10,10,0,"Tour hint pointing at the Decorate button after a decoration is caught. ""Decorate"" is HUD_DECORATE.",You found a decoration!,Achou uma decoração!,¡Decoración encontrada!,Du hast eine Deko gefunden!,Tu as trouvé une décoration !,インテリアを見つけました！,找到一件装饰品！,장식을 찾았어요!,You found a decoration! Open Decorate to see it.,Decoration found!,You found a decoration!,You found a decoration!,You found a decoration!,Found a decoration!,Found a decoration!
TOUR_DECOR_HINT_PAD,lake.gd,10,10,0,Gamepad version of TOUR_DECOR_HINT. %s is drawn as the picture of the button that opens the house.,Decorations become available here. Press %s to see them.,Decorações ficam disponíveis aqui. Aperte %s para ver.,Las decoraciones aparecen aquí. Pulsa %s para verlas.,"Hier findest du deine Deko. Drück %s, um sie zu sehen.",Les décorations sont disponibles ici. Appuie sur %s pour voir.,インテリアはここにあります。%sを押して見てみましょう。,装饰品会出现在这里。按%s查看。,장식은 여기서 볼 수 있어요. %s 버튼을 눌러 확인해요.,You found a decoration! Press %s to see it.,Decorations show up here. Press %s to see them.,Here you find your decor. Press %s to see it.,Decorations are available here. Press %s to see.,The decorations are here. Press %s and take a look.,Decorations appear here. Press %s to view.,Decorations can be seen here. Press the %s button to check.
TOUR_DECOR_PLANK,lake.gd,10,10,0,Decoration tour card 1: points at the shelf's Wash button.,You need to wash objects before you can decorate with them.,É necessário lavar os objetos antes de decorar.,Hay que lavar los objetos antes de decorar.,"Du musst Objekte waschen, bevor du damit dekorieren kannst.",Il faut laver les objets avant de décorer.,かざる前に、まずものを洗いましょう。,物品要先清洗，才能用来装饰。,꾸미기 전에 물건을 먼저 씻어야 해요.,You need to wash objects before using them in decoration.,The objects must be washed before decorating.,You have to wash objects before you can decorate with them.,Objects must be washed before decorating.,"Before decorating, first wash the things.",Objects must be washed first before they can be used to decorate.,"Before decorating, you have to wash the objects first."
TOUR_DECOR_LIST,lake.gd,10,10,0,Decoration tour card 2: points at the list of finds waiting to be washed. Soap price range in dollars.,"Washing an object costs money, depending on its size.",Lavar objetos custa dinheiro dependendo do tamanho.,Lavar objetos cuesta dinero según su tamaño.,"Waschen kostet Geld, je nach Größe des Objekts.","Laver un objet coûte de l'argent, selon sa taille.",ものを洗うには、大きさによってお金がかかります。,清洗物品需要花钱，费用取决于大小。,물건을 씻는 데는 크기에 따라 돈이 들어요.,"Choose the object to wash; it costs $5 to $15, by size.",Washing objects costs money depending on their size.,"Washing costs money, depending on the object's size.","Washing an object costs money, depending on its size.","Washing things costs money, depending on size.",Washing objects costs money; the fee depends on size.,Washing objects costs money depending on size.
TOUR_DECOR_STAND,lake.gd,10,10,0,"Decoration tour card 3, mouse: the wash stand.","Point and click to wash off the dirt.
Then the object goes to your decoration inventory.","Aponte e clique para lavar a sujeira.
Depois, o objeto vai para o inventário de decoração.","Apunta y haz clic para quitar la suciedad.
Después, el objeto va al inventario de decoración.","Zielen und klicken, um den Dreck abzuwaschen.
Danach kommt das Objekt in dein Deko-Inventar.","Vise et clique pour enlever la saleté.
Ensuite, l'objet va dans l'inventaire de décoration.","ねらってクリックし、よごれを洗い流しましょう。
洗い終わると、もようがえの棚に入ります。","瞄准并点击，洗掉污垢。
洗完后，物品会放进装饰品库存。","조준하고 클릭해서 때를 씻어 내요.
다 씻은 물건은 장식 보관함으로 가요.",Point and click to wash the dirt off with water. It goes to the decoration inventory when done.,"Aim and click to remove the dirt.
Afterwards, the object goes to the decoration inventory.","Aim and click to wash off the dirt.
Afterwards the object goes into your decor inventory.","Aim and click to remove the dirt.
Then the object goes into the decoration inventory.","Aim and click to wash off the dirt.
When washed, it goes onto the Room makeover shelf.","Aim and click to wash off the dirt.
When done, the object goes into the decoration inventory.","Aim and click to wash off the grime.
Objects that are fully washed go to the decoration storage."
TOUR_DECOR_STAND_PAD,lake.gd,10,10,0,"Decoration tour card 3, gamepad. %s is a gamepad button name (e.g. RT).","Aim and hold %s to wash off the dirt.
Then the object goes to your decoration inventory.","Mire e segure %s para lavar a sujeira.
Depois, o objeto vai para o inventário de decoração.","Apunta y mantén presionado %s para quitar la suciedad.
Después, el objeto va al inventario de decoración.","Zielen und %s halten, um den Dreck abzuwaschen.
Danach kommt das Objekt in dein Deko-Inventar.","Vise et maintiens %s pour enlever la saleté.
Ensuite, l'objet va dans l'inventaire de décoration.","ねらって%sを長押しし、よごれを洗い流しましょう。
洗い終わると、もようがえの棚に入ります。","瞄准并按住%s，洗掉污垢。
洗完后，物品会放进装饰品库存。","조준한 채 %s 버튼을 꾹 눌러 때를 씻어 내요.
다 씻은 물건은 장식 보관함으로 가요.",Aim and hold %s to wash the dirt off with water. It goes to the decoration inventory when done.,"Aim and hold %s pressed to remove the dirt.
Then the object goes to the decoration inventory.","Aim and hold %s to wash off the dirt.
Afterwards the object goes into your decor inventory.","Aim and hold %s to remove the dirt.
Then the object goes into the decoration inventory.","Aim and hold %s to wash off the dirt.
When washed, it goes onto the Room makeover shelf.","Aim and hold %s to wash off the dirt.
When done, the object goes into the decoration inventory.","While aiming, hold down the %s button to wash off the grime.
Objects that are fully washed go to the decoration storage."
TOUR_DECOR_SHELF,lake.gd,10,10,0,"Decoration tour card 4, mouse: the shelf. %s is a keyboard key name.","Select and drag the object into place.
Press %s to rotate.","Selecione e arraste o objeto até o lugar.
Aperte %s para girar.","Selecciona y arrastra el objeto a su lugar.
Pulsa %s para girarlo.","Wähle das Objekt und zieh es an seinen Platz.
Drück %s zum Drehen.","Choisis l'objet et fais-le glisser à sa place.
Appuie sur %s pour le tourner.","ものを選んで、置きたい場所までドラッグしましょう。
%sで回せます。","选中物品并拖到想放的位置。
按%s旋转。","물건을 골라 원하는 자리로 끌어다 놓아요.
%s 키를 누르면 돌릴 수 있어요.",Select and drag the object to the place. Press %s to rotate or change style.,"Select and drag the object to its place.
Press %s to turn it.","Choose the object and drag it to its place.
Press %s to turn.","Choose the object and drag it to its place.
Press %s to turn it.","Select the thing and drag it to where you want it.
You can turn it with %s.","Select the object and drag it to where you want it.
Press %s to rotate.","Pick an object and drag it to the place you want.
Press the %s key to turn it."
TOUR_DECOR_SHELF_PAD,lake.gd,10,10,0,"Decoration tour card 4, gamepad. The three %s are drawn as button pictures, in order: open the shelf, pick up and place, rotate. Keep all three, in that order.","Open the shelf with %s, and press %s to pick up and place an object.
Press %s to rotate.","Abra a prateleira com %s e %s para pegar e colocar um objeto.
%s para girar.","Abre el estante con %s y usa %s para tomar y colocar un objeto.
%s para girarlo.","Öffne das Regal mit %s, mit %s nimmst du ein Objekt und stellst es ab.
%s zum Drehen.","Ouvre l'étagère avec %s et appuie sur %s pour prendre et poser un objet.
%s pour le tourner.","%sで棚を開き、%sでものを持ち上げたり置いたりします。
%sで回せます。","按%s打开架子，按%s拿起或放下物品。
按%s旋转。","%s 버튼으로 선반을 열고, %s 버튼으로 물건을 들고 놓아요.
%s 버튼으로 돌려요.","Open the shelf with %s. Press %s to pick up and place an object, %s to rotate or change style.","Open the shelf with %s and use %s to take and place an object.
%s to turn it.","Open the shelf with %s, with %s you take an object and put it down.
%s to turn.","Open the shelf with %s and press %s to take and put down an object.
%s to turn it.","Open the shelf with %s, pick up and place things with %s.
You can turn them with %s.","Press %s to open the shelf, press %s to pick up or put down an object.
Press %s to rotate.","Open the shelf with the %s button, and pick up and put down objects with the %s button.
Turn them with the %s button."
TOUR_DECOR_ROOM,lake.gd,10,10,0,Decoration tour card 5: the shed room.,"You can interact with some objects by pressing %s.
A marker will appear.","Você pode interagir com alguns objetos apertando %s.
Um indicador aparecerá.","Puedes interactuar con algunos objetos pulsando %s.
Aparecerá un indicador.","Mit manchen Objekten kannst du interagieren, indem du %s drückst.
Ein Symbol zeigt es dir an.","Tu peux interagir avec certains objets en appuyant sur %s.
Un indicateur apparaîtra.","一部のものは、%sを押して使えます。
使えるときは、しるしが出ます。","按%s可以与某些物品互动。
可以互动时会出现提示。","%s 입력으로 몇몇 물건과 상호작용할 수 있어요.
가능한 물건에는 표시가 나타나요.",You can interact with some objects by pressing %s. It shows when available.,"You can interact with some objects by pressing %s.
An indicator will appear.","You can interact with some objects by pressing %s.
A symbol shows it to you.","You can interact with some objects by pressing %s.
An indicator will appear.","Some things can be used by pressing %s.
When usable, a mark appears.","Press %s to interact with some objects.
A hint appears when interaction is possible.","With %s input you can interact with some objects.
Objects that allow it show an indicator."
UI_CLOSE,close_button.gd,13,11,0,Tooltip on every board's close cross.,Close,Fechar,Cerrar,Schließen,Fermer,閉じる,关闭,닫기,Close,Close,Close,Close,Close,Close,Close
TOUR_SHOP_NET,shop_skin.gd,10,10,0,"Shop tour card 1, pointing at the net's board. Wraps.","Upgrade your net to *catch more objects, farther away, and from higher tiers.*","Melhorar sua rede *pega mais objetos, mais longe e de níveis mais altos.*","Al mejorar tu red, *atrapas más objetos, más lejos y de niveles más altos.*","Ein besseres Netz *fängt mehr Objekte, weiter weg und aus höheren Stufen.*","Un filet amélioré *attrape plus d'objets, plus loin et de niveaux plus élevés.*",あみを強化すると、*もっと多く、もっと遠くの、もっと重いランクのものが取れます。*,升级渔网，*能捞到更多、更远、等级更高的物品。*,"그물을 업그레이드하면 *더 멀리서, 더 높은 등급의 물건을 더 많이 잡아요.*","Your net can be upgraded to catch more objects of higher tiers, and to cast and reel faster.","By upgrading your net, *you catch more objects, farther away and of higher tiers.*","A better net *catches more objects, farther away and from higher tiers.*","An upgraded net *catches more objects, further away and of higher tiers.*","Upgrade the net and *you can catch more things, farther away, of heavier tiers.*","Upgrade the net, *able to scoop more, farther, higher-tier objects.*","If you upgrade the net, *it catches more objects of higher tiers, from farther away.*"
TOUR_SHOP_ON_CAST,shop_skin.gd,10,10,0,"Shop tour card 2, pointing at the luck board's ""On a cast"" rows. Wraps.",Your net can gain a *chance of lucky casts or double casts.*,Sua rede pode ter *chance de redes da sorte ou lançamento duplo.*,Tu red puede tener *probabilidad de red de la suerte o de lanzamiento doble.*,Dein Netz bekommt eine *Chance auf Glückswürfe oder Doppelwürfe.*,Ton filet peut parfois faire *des lancers chanceux ou des lancers doubles.*,あみに*ラッキー投げやダブル投げのチャンス*がつくようになります。,你的渔网*有几率触发幸运撒网或双网。*,그물에 *행운 던지기나 쌍그물 확률*을 더할 수 있어요.,Upgrades also raise the odds of a lucky net or a double cast.,Your net can have *a chance of a lucky net or a double cast.*,Your net gets a *chance of lucky casts or double casts.*,Your net can sometimes make *lucky casts or double casts.*,Your net gets *a chance of lucky casts and double casts.*,Your net *has a chance to trigger a lucky cast or a double net.*,You can add *lucky cast or twin net odds* to your net.
TOUR_SHOP_BOATS,shop_skin.gd,10,10,0,"Shop tour card 3, pointing at the boats' board. Wraps.",Boats are *essential for making money*. Upgrade them to sail faster and carry more objects.,"Os barcos são *essenciais para ganhar dinheiro*, melhore para aumentar a velocidade e quantos objetos carrega.",Los barcos son *esenciales para ganar dinero*; mejóralos para que vayan más rápido y lleven más objetos.,"Boote sind *wichtig, um Geld zu verdienen*. Verbessere sie für mehr Tempo und mehr Objekte pro Fahrt.","Les bateaux sont *essentiels pour gagner de l'argent*, améliore-les pour augmenter leur vitesse et le nombre d'objets transportés.",ボートは*お金をかせぐのに欠かせません*。強化すると、スピードと積める量が上がります。,船只*是赚钱的关键*，升级可以提高速度和载货量。,배는 *돈을 버는 데 꼭 필요해요*. 업그레이드하면 더 빨라지고 더 많이 실어요.,"Boats are essential for making money, and upgrades raise their speed and cargo size.",Boats are *essential for making money*; upgrade them so they go faster and carry more objects.,Boats are *important for earning money*. Upgrade them for more speed and more objects per trip.,"The boats are *essential to earn money*, upgrade them to increase their speed and the number of objects carried.",Boats are *essential for earning money*. Upgrading raises Speed and Capacity.,Boats *are the key to making money*; upgrading raises speed and cargo capacity.,"Boats are *essential for earning money*. If you upgrade them, they get faster and carry more."
TOUR_SHOP_DOGS,shop_skin.gd,10,10,0,"Shop tour card 4, pointing at the dogs' board. Wraps.",Adopt more dogs and *make them stronger.*,Adote mais cães e *torne-os mais forte.*,Adopta más perros y *hazlos más fuertes.*,Adoptiere mehr Hunde und *mach sie stärker.*,Adopte plus de chiens et *rends-les plus forts.*,犬をもっとむかえて、*もっと強くしましょう。*,收养更多狗狗，*让它们更强壮。*,강아지를 더 입양하고 *더 힘세게 키워요.*,Dogs help take objects to the recycle box.,Adopt more dogs and *make them stronger.*,Adopt more dogs and *make them stronger.*,Adopt more dogs and *make them stronger.*,Welcome more dogs and *make them stronger.*,"Adopt more doggies, *make them stronger.*",Adopt more dogs and *raise them stronger.*
TOUR_SHOP_AT_YARDS,shop_skin.gd,10,10,0,"Shop tour card 5, pointing at the luck board's ""At the yards"" rows. Wraps.",The *recycling bonus* can double what you earn at the piers.,*Bônus de reciclagem* pode dobrar seu ganho nos píeres.,El *pago extra por reciclaje* puede duplicar tus ganancias en los muelles.,Der *Recyclingbonus* kann deinen Verdienst an den Stegen verdoppeln.,Le *bonus de recyclage* peut doubler tes gains aux pontons.,*リサイクルボーナス*で、さんばしでのかせぎが2倍になることもあります。,*回收加成*可以让你在码头的收入翻倍。,*재활용 보너스*로 부두에서 버는 돈이 두 배가 될 수도 있어요.,"You can make more money by giving recycling a bonus, and pigeons can earn more.",The *extra pay for recycling* can double your earnings at the piers.,The *recycling bonus* can double your earnings at the piers.,The *recycling bonus* can double your earnings at the piers.,"With the *recycling bonus*, your earnings at the piers can even double.",*Recycling bonus* can double your income at the piers.,"With the *recycling bonus*, the money earned at the piers can even double."
TOUR_SHOP_LEGEND,shop_skin.gd,10,10,0,"Shop tour card 6, pointing at the pricing plate under the boards. Wraps.",Here you can see the *average price of each material and which pier has a bonus* for recycling.,Aqui você vê o *preço médio dos materiais e qual pier tem bônus* de reciclagem aplicado.,Aquí ves el *precio promedio de los materiales y qué muelle paga extra* por reciclaje.,Hier siehst du den *Durchschnittspreis der Materialien und welcher Steg einen Bonus* fürs Recycling hat.,"Ici, tu vois le *prix moyen des matériaux et quel ponton a un bonus* de recyclage.",ここでは、*素材の平均の値段と、リサイクルボーナスがついているさんばし*がわかります。,这里可以看到*各材料的平均价格和哪个码头有*回收加成。,여기서 *재료별 평균 가격과 재활용 보너스가 붙은 부두*를 볼 수 있어요.,"Here you can see each material's average price, and which recycling pier has a bonus.",Here you see the *average price of the materials and which pier pays extra* for recycling.,Here you see the *average price of the materials and which pier has a bonus* for recycling.,Here you see the *average price of the materials and which pier has a* recycling *bonus*.,Here you can see *the materials' average price and which pier has the recycling bonus*.,Here you can see *each material's average price and which pier has* a recycling bonus.,Here you can see *the average price of each material and the pier with the recycling bonus*.
LETTER_WELCOME_TITLE,letter.gd,20,16,300,The plank over the first card of the instructions.,Welcome,Boas-Vindas,Bienvenida,Willkommen,Bienvenue,ようこそ,欢迎,환영해요,Welcome,Welcome,Welcome,Welcome,Welcome,Welcome,Welcome
LETTER_GREETING_LEAD,letter.gd,16,11,0,"First card, one line with LETTER_GAME_NAME drawn right after it (keep the trailing space). The lead and the name share a line of about 678 px.",You're the new owner of ,Você é o novo proprietário do ,Ahora te pertenece ,Ab jetzt gehört dir der ,Te voici propriétaire du ,あなたが新しい持ち主になった湖、その名も,你是这片湖的新主人：,새 주인을 맞이한 곳은 바로 ,You are the new owner of ,Now belonging to you is ,"From now on, yours is the ","Here you are, owner of the ","The lake you have become the new owner of, its name is none other than",You are the new owner of this lake:,The place that has welcomed its new owner is none other than 
LETTER_GAME_NAME,letter.gd,20,13,0,"The game's name, a size up after LETTER_GREETING_LEAD. Do not translate.",Dirty Little Lake.,Dirty Little Lake.,Dirty Little Lake.,Dirty Little Lake.,Dirty Little Lake.,Dirty Little Lake.,Dirty Little Lake.,Dirty Little Lake.,Dirty Little Lake.,Dirty Little Lake.,Dirty Little Lake.,Dirty Little Lake.,Dirty Little Lake.,Dirty Little Lake.,Dirty Little Lake.
LETTER_WELCOME_TEXT,letter.gd,16,11,0,"Two paragraphs, one per line break; keep the line breaks. Words between *asterisks* are drawn in red: keep the asterisks round the matching words. Wraps.","Your goal is to *catch objects with your net and clean the lake.*
The instructions *will show you how it all works.*","Seu objetivo é *pegar objetos com a rede e limpar o lago*
Instruções *te ensinarão como funciona.*","Tu objetivo es *atrapar objetos con la red y limpiar el lago*
Las instrucciones *te enseñarán cómo funciona.*","Dein Ziel: *Objekte mit dem Netz fangen und den See sauber machen.*
Die Anleitung *zeigt dir, wie alles funktioniert.*","Ton objectif : *attraper des objets avec le filet et nettoyer le lac*
Les instructions *t'apprendront comment ça marche.*","目標は、*あみでものを取って、湖をきれいにすること*です。
この先の説明で、*あそびかたがわかります。*","你的目标是*用渔网捞起物品，把湖清理干净*
接下来的说明*会教你怎么玩。*","목표는 *그물로 물건을 잡아 호수를 깨끗하게 만드는 것*이에요.
안내가 *방법을 알려 줄 거예요.*","Your goal is to *catch objects with your net, recycle and bring life back to the lake.*
The following instructions will *teach you how it works.*","Your goal is *to catch objects with the net and clean the lake*
The instructions *will teach you how it works.*","Your goal: *catch objects with the net and make the lake clean.*
The instructions *show you how everything works.*","Your goal: *catch objects with the net and clean the lake*
The instructions *will teach you how it works.*","Your goal is *to catch things with the net and make the lake clean*.
The explanations ahead *will show you how to play.*","Your goal is *to scoop up objects with the net and clean up the lake*
The instructions that follow *will teach you how to play.*","The goal is *to catch objects with the net and make the lake clean*.
The guide *will tell you how.*"
LETTER_WELCOME_LEAD,letter.gd,16,11,0,"First card, the line under the greeting and over the lake picture. Wraps to two rows at most.","Sadly, the lake has been abandoned and is full of trash.","Infelizmente, o lago está abandonado e cheio de lixo.","Por desgracia, el lago está abandonado y lleno de basura.",Leider ist der See verlassen und voller Müll.,"Malheureusement, le lac est abandonné et plein de déchets.",ざんねんながら、湖は放っておかれて、ゴミでいっぱいです。,可惜，这片湖已经荒废，到处都是垃圾。,안타깝게도 호수는 버려진 채 쓰레기로 가득해요.,The lake was abandoned and forgotten for too long.,"Unfortunately, the lake is abandoned and full of rubbish.",Sadly the lake is abandoned and full of rubbish.,"Unfortunately, the lake is abandoned and full of rubbish.","Sadly, the lake has been left alone and is full of trash.","Sadly, this lake has fallen into neglect and there is rubbish everywhere.","Sadly, the lake is abandoned and full of rubbish."
LETTER_NET_TEXT,letter.gd,16,11,0,"Two paragraphs, one per line break; keep it. *Asterisks* mark words drawn in red. The circles are the aim ring pictured below.","*Left-click* to cast the net and catch objects in the lake.
The *circles below* show how your cast will go.","*Clique com o botão esquerdo do mouse* para lançar a rede e pegar os objetos no lago.
Os *círculos abaixo* indicam como será o lançamento.","*Haz clic izquierdo* para lanzar la red y atrapar los objetos del lago.
Los *círculos de abajo* indican cómo será el lanzamiento.","*Klick mit der linken Maustaste*, um das Netz auszuwerfen und Objekte im See zu fangen.
Die *Kreise unten* zeigen, wie der Wurf ausgeht.","*Clique avec le bouton gauche de la souris* pour lancer le filet et attraper les objets du lac.
Les *cercles ci-dessous* montrent comment se passera le lancer.","*マウスの左クリック*で、あみを投げて湖のものを取りましょう。
*下の円*は、投げたらどうなるかを表しています。","*点击鼠标左键*撒网，捞起湖里的物品。
*下方的圆圈*表示这一网的结果。","*마우스 왼쪽 버튼을 클릭*해서 그물을 던져 호수의 물건을 잡아요.
*아래 원*은 던졌을 때 어떻게 될지 알려 줘요.","Click with the left mouse button to cast the net and catch floating objects.
The *circles below* show how the throw will be.","*Left-click* to cast the net and catch the objects in the lake.
The *circles below* show how the cast will go.","*Click with the left mouse button* to cast the net and catch objects in the lake.
The *circles below* show how the cast will turn out.","*Click with the left mouse button* to cast the net and catch the lake's objects.
The *circles below* show how the cast will go.","With a *left mouse click*, throw the net and catch things in the lake.
The *circles below* show what will happen when you throw.","*Click the left mouse button* to cast the net and scoop up objects in the lake.
The *circles below* show the outcome of this cast.","*Click the left mouse button* to throw the net and catch objects on the lake.
*The circles below* tell you how it will go when you throw."
LETTER_NET_TEXT_PAD,letter.gd,16,11,0,"Gamepad version of LETTER_NET_TEXT. %s is drawn as the cast button's picture. Two paragraphs, one per line break; keep it. *Asterisks* mark words drawn in red.","*Press %s* to cast the net and catch objects in the lake.
The *circles below* show how your cast will go.","*Aperte %s* para lançar a rede e pegar objetos no lago.
Os *círculos abaixo* indicam como será o lançamento.","*Pulsa %s* para lanzar la red y atrapar objetos del lago.
Los *círculos de abajo* indican cómo será el lanzamiento.","*Drück %s*, um das Netz auszuwerfen und Objekte im See zu fangen.
Die *Kreise unten* zeigen, wie der Wurf ausgeht.","*Appuie sur %s* pour lancer le filet et attraper les objets du lac.
Les *cercles ci-dessous* montrent comment se passera le lancer.","*%sを押して*、あみを投げて湖のものを取りましょう。
*下の円*は、投げたらどうなるかを表しています。","*按%s*撒网，捞起湖里的物品。
*下方的圆圈*表示这一网的结果。","*%s 버튼을 눌러* 그물을 던져 호수의 물건을 잡아요.
*아래 원*은 던졌을 때 어떻게 될지 알려 줘요.","*Press %s* to throw the net and catch floating objects.
The *circles below* show how the throw will be.","*Press %s* to cast the net and catch objects in the lake.
The *circles below* show how the cast will go.","*Press %s* to cast the net and catch objects in the lake.
The *circles below* show how the cast will turn out.","*Press %s* to cast the net and catch the lake's objects.
The *circles below* show how the cast will go.","*Press %s*, throw the net and catch things in the lake.
The *circles below* show what will happen when you throw.","*Press %s* to cast the net and scoop up objects in the lake.
The *circles below* show the outcome of this cast.","*Press the %s button* to throw the net and catch objects on the lake.
*The circles below* tell you how it will go when you throw."
LETTER_UPGRADES_NET,letter.gd,11,11,0,"Blurb under the NET shop board's picture, wrapped to 3 short rows. *Asterisks* mark red words.","Upgrade your net to *catch more objects, with more precision and range.*","Melhore a rede para *pegar mais objetos, com maior precisão e alcance.*","Mejora la red para *atrapar más objetos, con más precisión y alcance.*","Verbessere das Netz, um *mehr Objekte genauer und weiter weg zu fangen.*","Améliore le filet pour *attraper plus d'objets, avec plus de précision et de portée.*",あみを強化して、*もっと多く、ねらいどおりに、遠くまで取りましょう。*,升级渔网，*捞到更多物品，更精准，撒得更远。*,그물을 업그레이드해서 *더 많은 물건을 더 정확하고 멀리 잡아요.*,"Upgrade your net to *catch more objects, with more precision and range.*","Upgrade the net to *catch more objects, with more precision and range.*","Upgrade the net to *catch more objects, more precisely and farther away.*","Upgrade the net to *catch more objects, with more precision and range.*","Upgrade the net and *catch more, right where you aim, farther away.*","Upgrade the net *to scoop more objects, more precisely, casting farther.*",Upgrade the net to *catch more objects more precisely and farther.*
LETTER_UPGRADES_BOATS,letter.gd,11,11,0,"Blurb under the BOATS shop board's picture, wrapped to 3 short rows. *Asterisks* mark red words.",Boats *carry objects to the piers to be recycled for money.*,Os barcos *entregam objetos para reciclar por dinheiro* nos píeres.,Los barcos *entregan objetos para reciclar a cambio de dinero* en los muelles.,Boote *liefern Objekte zum Recyceln gegen Geld* an die Stege.,Les bateaux *livrent les objets à recycler contre de l'argent* aux pontons.,ボートはさんばしへ*ものをとどけて、リサイクルでお金にかえます*。,船会*把物品送到码头回收换钱*。,배는 부두에서 *물건을 재활용해 돈으로 바꿔요*.,Boats *sell objects for money* at the recycling piers.,The boats *deliver objects for recycling in exchange for money* at the piers.,Boats *deliver objects for recycling in exchange for money* to the piers.,The boats *deliver the objects to recycle for money* at the piers.,Boats *deliver things to the piers and turn them into money by recycling*.,Boats *take objects to the piers to recycle for money*.,Boats *recycle objects and turn them into money* at the piers.
LETTER_UPGRADES_DOGS,letter.gd,11,11,0,"Blurb under the DOGS shop board's picture, wrapped to 3 short rows. *Asterisks* mark red words.","Dogs *help clean the lake*, with upgrades of their own.",Cães *ajudam a limpar o lago* com melhorias próprias.,Los perros *ayudan a limpiar el lago* con sus propias mejoras.,"Hunde *helfen, den See sauber zu machen*, und haben eigene Upgrades.",Les chiens *aident à nettoyer le lac* avec leurs propres améliorations.,犬も*湖のそうじを手伝います*。犬だけの強化もあります。,狗狗*帮忙清理湖泊*，也有自己的升级。,강아지는 자기만의 업그레이드로 *호수 청소를 도와요*.,Dogs *help clean the lake*.,The dogs *help clean the lake* with their own upgrades.,"Dogs *help to make the lake clean*, and have their own upgrades.",The dogs *help to clean the lake* with their own upgrades.,Dogs also *help clean the lake*. There are upgrades just for dogs too.,"Doggies *help clean the lake*, and have their own upgrades too.",Dogs *help clean the lake* with their own upgrades.
LETTER_WEIGHT_TEXT,letter.gd,16,11,0,"Two paragraphs, one per line break; keep it. *Asterisks* mark red words. Strength is the shop upgrade's name.","Objects come in *5 weight tiers*, all mixed together in the lake.
*Upgrade your net's Strength* to *catch objects of every tier*.","Os objetos têm *5 níveis de peso*, misturados no lago.
*Melhore a Força* da sua rede para *pegar objetos de cada nível*.","Los objetos tienen *5 niveles de peso*, mezclados en el lago.
*Mejora la Fuerza* de tu red para *atrapar objetos de cada nivel*.","Objekte haben *5 Gewichtsstufen*, bunt gemischt im See.
*Verbessere die Stärke* deines Netzes, um *Objekte jeder Stufe zu fangen*.","Les objets ont *5 niveaux de poids*, mélangés dans le lac.
*Améliore la Force* de ton filet pour *attraper les objets de chaque niveau*.","湖には*5つの重さランク*のものがまざっています。
あみの*パワーを強化*して、*どのランクのものも取れるようにしましょう*。","物品分为*5个重量等级*，混杂在湖里。
为你的渔网*升级力量*，就能*捞起每个等级的物品*。","호수에는 *5가지 무게 등급*의 물건이 섞여 있어요.
그물의 *힘을 업그레이드*하면 *각 등급의 물건을 잡을 수 있어요*.","Objects have *5 weight tiers*.
Upgrading Strength *lets you catch objects of each tier*.","Objects have *5 weight tiers*, mixed in the lake.
*Upgrade the Strength* of your net to *catch objects of each tier*.","Objects have *5 weight tiers*, all mixed up in the lake.
*Upgrade the Strength* of your net to *catch objects of every tier*.","Objects have *5 weight tiers*, mixed in the lake.
*Upgrade the Strength* of your net to *catch the objects of each tier*.","In the lake, things of *5 weight tiers* are mixed together.
*Upgrade the Power* of your net so you *can catch things of every tier*.","Objects come in *5 weight tiers*, mixed in the lake.
*Upgrade Strength* for your net to *scoop up objects of every tier*.","In the lake, objects of *5 weight tiers* are mixed together.
If you *upgrade the Strength* of the net, *you can catch objects of each tier*."
CREDITS_GODOT,credits_board.gd,13,11,0,Under the Tools heading. Godot Engine is a name.,Godot Engine,Godot Engine,Godot Engine,Godot Engine,Godot Engine,Godot Engine,Godot Engine,Godot Engine,Made with Godot Engine,Godot Engine,Godot Engine,Godot Engine,Godot Engine,Godot Engine,Godot Engine
WASH_TITLE_N,wash_room.gd,16,13,220,The wash room tray's plank; %d is how many finds wait. One space before it.,To wash %d,Para lavar %d,Por lavar %d,Zu waschen %d,À laver %d,洗うもの %d,待清洗 %d,씻을 것 %d,To wash  %d,To be washed %d,To wash %d,To wash %d,Things to wash %d,To be washed %d,Things to wash %d
WASH_FREE,wash_room.gd,16,13,60,Price of a wash when it costs nothing (the first bed).,$0,$0,$0,$0,$0,$0,$0,$0,Free,$0,$0,$0,$0,$0,$0
WASH_WASHING,wash_room.gd,11,11,120,Small line under the find now on the washing stand.,Washing,Lavando,Lavando,Wird gewaschen,Lavage en cours,洗っています,清洗中,씻는 중,Washing,Washing,Being washed,Washing in progress,Washing,Washing,Washing
WILDLIFE_BACK,moment_card.gd,20,16,1190,"The card over the first animal of the run coming back, once a save. One line, low on the screen. *Asterisks* mark the words drawn in the card's colour; keep them round the same idea.","*Wildlife* is coming back.
Keep up the good work.","A *vida selvagem* está voltando.
Continue o bom trabalho.","La *vida silvestre* está volviendo.
Sigue así, buen trabajo.","Die *Tierwelt* kehrt zurück.
Mach weiter so.","La *faune* revient.
Continue comme ça.","*生き物たち*がもどってきています。
この調子でがんばりましょう。","*野生动物*正在回归。
继续加油！","*야생 동물*이 돌아오고 있어요.
지금처럼 계속 잘해 봐요.","Wildlife is coming back, great news!
Keep up the good work.","*Wildlife* is coming back.
Keep it up, good work.","The *wildlife* is returning.
Keep it up.","The *wildlife* is coming back.
Keep it up.","*Living creatures* are coming back.
Let's keep it up like this.","*Wildlife* is returning.
Keep it up!","*Wildlife* is coming back.
Keep doing well like now."
RECORD_SONG,record_menu.gd,13,11,130,Column head over the song names on the record player's menu.,Song,Música,Canción,Titel,Musique,曲,歌曲,곡,Song,Song,Track,Music,Song,Song,Song
RECORD_LAKE,record_menu.gd,13,11,60,Column head: the songs ticked here play out on the lake.,Lake,No Lago,Lago,Am See,Au lac,湖で,湖上,호수,Lake,Lake,At the lake,At the lake,On the lake,On the lake,Lake
RECORD_SHED,record_menu.gd,13,11,60,Column head: the songs ticked here play in the shed.,House,Em Casa,Casa,Im Haus,Maison,家で,房子里,집,House,House,In the house,House,At home,In the house,House
RECORD_NOW,record_menu.gd,11,11,170,"Small label over the song playing now, under the record.",Now playing,Tocando agora,Sonando ahora,Läuft gerade,En écoute,再生中,正在播放,재생 중,Playing now,Playing now,Playing now,Now listening,Now playing,Now playing,Playing
RECORD_SYNC,record_menu.gd,13,11,70,Switch: lake and shed play the same song at once.,Sync,Sync,Sync,Sync,Sync,同期,同步,동기화,Sync,Sync,Sync,Sync,Sync,Sync,Synchronise
HIVE_SWARM,moment_card.gd,20,16,1190,Hive room (2026-09-30) *Asterisks* mark the words drawn in the card's colour; keep them round the same idea.,A *swarm* has arrived at the hive!,Um *enxame* chegou à colmeia!,¡Un *enjambre* ha llegado a la colmena!,Ein *Schwarm* ist am Bienenstock angekommen!,Un *essaim* est arrivé à la ruche !,*ハチの群れ*が巣箱にやってきました！,*蜂群*飞进了蜂箱！,*벌 떼*가 벌통에 찾아왔어요!,A swarm has arrived at the hive!,A *swarm* has arrived at the hive!,A *swarm* has arrived at the hive!,A *swarm* has arrived at the hive!,A *swarm of bees* has come to the hive!,A *swarm* flew into the hive!,A *swarm of bees* has come to the hive!
HIVE_STEP_CATCH,hive_room.gd,13,11,80,Hive room (2026-09-30),Catch,Pegar,Atrapar,Fangen,Attraper,つかまえる,收蜂,잡기,Catch,Catch,Catch,Catch,Catch,Gather the bees,Catch
HIVE_STEP_SMOKE,hive_room.gd,13,11,80,Hive room (2026-09-30),Smoke,Fumaça,Humo,Rauch,Fumée,けむり,烟熏,연기,Smoke,Smoke,Smoke,Smoke,Smoke,Smoke,Smoke
HIVE_STEP_QUEEN,hive_room.gd,13,11,80,Hive room (2026-09-30),Queen,Rainha,Reina,Königin,Reine,女王バチ,蜂王,여왕벌,Queen,Queen,Queen,Queen,Queen bee,Queen bee,Queen bee
HIVE_STEP_UNCAP,hive_room.gd,13,11,80,Hive room (2026-09-30),Open,Abrir,Abrir,Öffnen,Ouvrir,あける,割蜜盖,열기,Open,Open,Open,Open,Open,Cut the honey caps,Open
HIVE_STEP_POUR,hive_room.gd,13,11,80,Hive room (2026-09-30),Fill,Encher,Llenar,Abfüllen,Remplir,びんづめ,装瓶,담기,Jar it,Fill,Fill (into jars),Fill,Bottling,Bottle,Fill
HIVE_HINT_CATCH,hive_room.gd,20,16,600,Hive room (2026-09-30),*Drag* the swarm into the box,*Arraste* o enxame para a caixa,*Arrastra* el enjambre a la caja,*Zieh* den Schwarm in die Kiste,*Glisse* l'essaim dans la caisse,ハチの群れを箱へ*ドラッグ*しましょう,把蜂群*拖*进箱子,벌 떼를 상자로 *끌어 옮겨요*,Drag the swarm into the box,*Drag* the swarm into the box,*Drag* the swarm into the box,*Drag* the swarm into the box,*Drag* the swarm into the box,*Drag* the swarm into the box,*Drag* the swarm to the box
HIVE_HINT_SMOKE,hive_room.gd,20,16,600,Hive room (2026-09-30),*Smoke* the rings until the bees calm down,*Defume* os anéis até as abelhas se acalmarem,*Ahúma* los anillos hasta que las abejas se calmen,"*Räuchere* die Ringe, bis die Bienen ruhig sind",*Enfume* les cercles pour calmer les abeilles,ハチが落ち着くまで、輪に*けむりをかけ*ましょう,*烟熏*这些圆圈，直到蜜蜂安静下来,벌이 진정될 때까지 원에 *연기를 뿜어요*,Smoke the rings until the bees calm down,*Smoke* the rings until the bees calm down,*Smoke* the rings until the bees are calm,*Smoke* the circles to calm the bees,"Until the bees calm down, *smoke* the rings",*Smoke* these rings until the bees calm down,*Puff smoke* on the rings until the bees calm down
HIVE_HINT_QUEEN,hive_room.gd,20,16,600,Hive room (2026-09-30),*Find* the queen,*Encontre* a rainha,*Encuentra* a la reina,*Finde* die Königin,*Trouve* la reine,女王バチを*さがし*ましょう,*找到*蜂王,여왕벌을 *찾아요*,Find the queen,*Find* the queen,*Find* the queen,*Find* the queen,*Find* the queen bee,*Find* the queen bee,*Find* the queen bee
HIVE_HINT_UNCAP,hive_room.gd,20,16,600,Hive room (2026-09-30),*Slide* the hot knife down the comb,*Deslize* a faca quente pelo favo,*Desliza* el cuchillo caliente por el panal,*Zieh* das heiße Messer über die Wabe,*Passe* le couteau chaud sur le rayon de miel,熱いナイフをハチの巣に*すべらせ*ましょう,*拖动*热刀划过蜂巢,벌집을 따라 뜨거운 칼을 *쭉 밀어요*,Slide the hot knife down the comb,*Slide* the hot knife along the comb,*Pull* the hot knife over the comb,*Run* the hot knife over the honeycomb,*Slide* the hot knife over the comb,*Drag* the hot knife across the comb,*Slide* the hot knife along the comb
HIVE_HINT_POUR,hive_room.gd,20,16,600,Hive room (2026-09-30),*Hold* the lever to pour into the jars,*Segure* a alavanca para despejar nos potes,*Sujeta* la palanca para llenar los frascos,"*Halte* den Hebel, um die Gläser zu füllen",*Maintiens* le levier pour verser dans les pots,レバーを*長押し*して、びんに注ぎましょう,*按住*拉杆，把蜂蜜倒进罐子,레버를 *꾹 눌러* 병에 부어요,"Hold the lever to pour, stop at the line",*Hold* the lever to fill the jars,*Hold* the lever to fill the jars,*Hold* the lever to pour into the jars,*Hold* the lever and pour into the jars,*Hold* the lever to pour the honey into the jars,*Hold down* the lever and pour into the jars
HIVE_HINT_DONE,hive_room.gd,20,16,600,Hive room (2026-09-30),*Harvest* done! The jars go on the shelf.,*Colheita* feita! Os potes ficam na prateleira.,¡*Cosecha* lista! Los frascos quedan en el estante.,*Ernte* fertig! Die Gläser kommen ins Regal.,*Récolte* terminée ! Les pots vont sur l'étagère.,*収穫*完了！びんは棚に並びます。,*采收*完成！罐子会放在架子上。,*수확* 끝! 병은 선반에 놓여요.,Harvest done! The jars go on the shelf,*Harvest* done! The jars stay on the shelf.,*Harvest* done! The jars go on the shelf.,*Harvest* finished! The jars go on the shelf.,*Harvest* done! The jars line up on the shelf.,*Harvest* complete! The jars go on the shelf.,*Harvest* done! The jars are placed on the shelf.
HIVE_HINT_SETTLED,hive_room.gd,20,16,600,Hive room (2026-09-30),*The bees are home!* Honey will come in time.,*Abelhas em casa!* O mel vem com o tempo.,*¡Abejas en casa!* La miel llegará con el tiempo.,*Bienen zu Hause!* Der Honig kommt mit der Zeit.,*Abeilles chez elles !* Le miel viendra avec le temps.,*ハチたちが巣箱に入りました！*はちみつは、しばらくするとできあがります。,*蜜蜂安家了！*过段时间就会有蜂蜜。,*벌들이 새집에 왔어요!* 꿀은 시간이 지나면 생겨요.,Home! The honey will come in time,*Bees at home!* The honey will come in time.,*Bees at home!* The honey comes with time.,*Bees at home!* The honey will come with time.,*The bees have moved into the hive!* The honey will be ready after a while.,*The bees have settled in!* In a while there will be honey.,*The bees came to their new home!* Honey appears as time passes.
HIVE_READY,moment_card.gd,20,16,1190,Hive room (2026-09-30) *Asterisks* mark the words drawn in the card's colour; keep them round the same idea.,The *honey* is ready!,O *mel* está pronto!,¡La *miel* está lista!,Der *Honig* ist fertig!,Le *miel* est prêt !,*はちみつ*ができました！,*蜂蜜*酿好了！,*꿀*이 다 됐어요!,The honey is ready!,The *honey* is ready!,The *honey* is ready!,The *honey* is ready!,The *honey* is ready!,The *honey* is made!,The *honey* is all done!
HOSE_NAME,wash_room.gd,16,11,95,"Wash room: the hose upgrade's name, on a row like the upgrade shop's.",Hose,Mangueira,Manguera,Schlauch,Tuyau,ホース,水管,호스,Hose,Hose,Hose,Hose,Hose,Hose,Hose
DECOR_PK_ARMCHAIR,pieces.json,13,11,180,A piece of furniture the player finds.,Armchair,Poltrona,Sillón,Sessel,Fauteuil,アームチェア,扶手椅,안락의자,Armchair,Armchair,Armchair,Armchair,Armchair,Armchair,Armchair
DECOR_PK_OLD_SEAT,pieces.json,13,11,180,A piece of furniture the player finds.,Old Armchair,Poltrona velha,Sillón viejo,Alter Sessel,Vieux fauteuil,古いアームチェア,旧扶手椅,낡은 안락의자,Old Seat,Old armchair,Old armchair,Old armchair,Old armchair,Old armchair,Old armchair
DECOR_PK_BATHTUB,pieces.json,13,11,180,A piece of furniture the player finds.,Bathtub,Banheira,Bañera,Badewanne,Baignoire,バスタブ,浴缸,욕조,Bathtub,Bathtub,Bathtub,Bathtub,Bathtub,Bathtub,Bathtub
DECOR_PK_BED,pieces.json,13,11,180,A piece of furniture the player finds.,Small Bed,Cama pequena,Cama pequeña,Kleines Bett,Petit lit,小さなベッド,小床,작은 침대,Bed,Small bed,Small bed,Small bed,Small bed,Small bed,Small bed
DECOR_PK_BOOKSHELF,pieces.json,13,11,180,A piece of furniture the player finds.,Bookshelf,Estante de livros,Estantería de libros,Bücherregal,Bibliothèque,本棚,书架,책장,Bookshelf,Bookshelf,Bookshelf,Bookcase,Bookshelf,Bookshelf,Bookcase
DECOR_PK_CHAIR,pieces.json,13,11,180,A piece of furniture the player finds.,Chair,Cadeira,Silla,Stuhl,Chaise,いす,椅子,의자,Chair,Chair,Chair,Chair,Chair,Chair,Chair
DECOR_PK_COFFEE_TABLE,pieces.json,13,11,180,A piece of furniture the player finds.,Coffee Table,Mesa de Café,Mesa de centro,Couchtisch,Table basse,ローテーブル,茶几,커피 테이블,Coffee Table,Coffee table,Coffee table,Coffee table,Low table,Coffee table,Coffee table
DECOR_PK_CORNER_DESK,pieces.json,13,11,180,A piece of furniture the player finds.,Small Desk,Mesa Pequena,Mesa pequeña,Kleiner Tisch,Petit bureau,小さなつくえ,小桌子,작은 탁자,Corner Desk,Small table,Small table,Small desk,Small desk,Small table,Small table
DECOR_PK_DRAWER,pieces.json,13,11,180,A piece of furniture the player finds.,Drawer,Gaveteiro,Cajonera,Kommode,Commode,チェスト,抽屉柜,서랍장,Drawer,Chest of drawers,Chest of drawers,Chest of drawers,Chest of drawers,Chest of drawers,Chest of drawers
DECOR_PK_DRAWER_DESK,pieces.json,13,11,180,A piece of furniture the player finds.,Corner Desk,Mesa de Canto,Mesa esquinera,Ecktisch,Table d'angle,コーナーデスク,转角桌,코너 탁자,Drawer Desk,Corner table,Corner table,Corner table,Corner desk,Corner table,Corner table
DECOR_PK_FANCY_BED,pieces.json,13,11,180,A piece of furniture the player finds.,Fancy Bed,Cama Chique,Cama elegante,Schickes Bett,Lit chic,ごうかなベッド,豪华床,고급 침대,Fancy Bed,Elegant bed,Fancy bed,Fancy bed,Luxurious bed,Fancy bed,Fancy bed
DECOR_PK_FANCY_TABLE,pieces.json,13,11,180,A piece of furniture the player finds.,Fancy Table,Mesa Chique,Mesa elegante,Schicker Tisch,Table chic,ごうかなテーブル,豪华桌,고급 탁자,Fancy Table,Elegant table,Fancy table,Fancy table,Luxurious table,Fancy table,Fancy table
DECOR_PK_FILE_CABINET,pieces.json,13,11,180,A piece of furniture the player finds.,Cabinet,Gabinete,Archivador,Schrank,Meuble classeur,キャビネット,柜子,수납장,File Cabinet,File cabinet,Cabinet,Filing cabinet,Cabinet,Cabinet,Storage cabinet
DECOR_PK_FIREPLACE,pieces.json,13,11,180,A piece of furniture the player finds.,Fireplace,Lareira,Chimenea,Kamin,Cheminée,だんろ,壁炉,벽난로,Fireplace,Fireplace,Fireplace,Fireplace,Fireplace,Fireplace,Fireplace
DECOR_PK_KITCHEN_COUNTER,pieces.json,13,11,180,A piece of furniture the player finds.,Kitchen Sink,Pia de Cozinha,Fregadero,Küchenspüle,Évier,流し台,厨房水槽,싱크대,Kitchen Counter,Kitchen sink,Kitchen sink,Kitchen sink,Kitchen sink unit,Kitchen sink,Kitchen sink
DECOR_PK_MICROWAVE,pieces.json,13,11,180,A piece of furniture the player finds.,Microwave,Microondas,Microondas,Mikrowelle,Micro-ondes,電子レンジ,微波炉,전자레인지,Microwave,Microwave,Microwave,Microwave,Microwave,Microwave,Microwave
DECOR_PK_SOFA,pieces.json,13,11,180,A piece of furniture the player finds.,Sofa,Sofá,Sofá,Sofa,Canapé,ソファ,沙发,소파,Sofa,Sofa,Sofa,Sofa,Sofa,Sofa,Sofa
DECOR_PK_STOVE,pieces.json,13,11,180,A piece of furniture the player finds.,Stove,Fogão,Fogón,Herd,Cuisinière,コンロ,炉灶,가스레인지,Stove,Stove,Stove,Stove,Stove,Stove,Gas stove
DECOR_PK_TABLE,pieces.json,13,11,180,A piece of furniture the player finds.,Table,Mesa,Mesa,Tisch,Table,テーブル,桌子,탁자,Table,Table,Table,Table,Table,Table,Table
DECOR_PK_TOILET,pieces.json,13,11,180,A piece of furniture the player finds.,Toilet,Privada,Inodoro,Toilette,Toilettes,トイレ,马桶,변기,Toilet,Toilet,Toilet,Toilet,Toilet,Toilet,Toilet
DECOR_PK_DINER_CHAIR,pieces.json,13,11,180,A piece of furniture the player finds.,Bar Chair,Cadeira de Bar,Silla de bar,Barstuhl,Chaise de bar,カウンターチェア,吧椅,바 의자,Diner Chair,Bar chair,Bar chair,Bar chair,Counter chair,Bar chair,Bar chair
DECOR_PK_GREEN_CHAIR,pieces.json,13,11,180,A piece of furniture the player finds.,Green Chair,Cadeira Verde,Silla verde,Grüner Stuhl,Chaise verte,みどりのいす,绿椅子,초록 의자,Green Chair,Green chair,Green chair,Green chair,Green chair,Green chair,Green chair
DECOR_PK_WOOD_CHAIR,pieces.json,13,11,180,A piece of furniture the player finds.,Wooden Chair,Cadeira de Madeira,Silla de madera,Holzstuhl,Chaise en bois,木のいす,木椅,나무 의자,Wooden Chair,Wooden chair,Wooden chair,Wooden chair,Wooden chair,Wooden chair,Wooden chair
DECOR_PK_CARVED_CHAIR,pieces.json,13,11,180,A piece of furniture the player finds.,Carved Chair,Cadeira Entalhada,Silla tallada,Geschnitzter Stuhl,Chaise sculptée,木ぼりのいす,雕花椅,조각된 의자,Carved Chair,Carved chair,Carved chair,Carved chair,Wood-carved chair,Carved chair,Carved chair
DECOR_PK_WHITE_SOFA,pieces.json,13,11,180,A piece of furniture the player finds.,White Sofa,Sofá Branco,Sofá blanco,Weißes Sofa,Canapé blanc,白いソファ,白沙发,흰 소파,White Sofa,White sofa,White sofa,White sofa,White sofa,White sofa,White sofa
DECOR_PK_NIGHTSTAND,pieces.json,13,11,180,A piece of furniture the player finds.,Nightstand,Mesa de Cabeceira,Mesita de noche,Nachttisch,Table de chevet,ナイトテーブル,床头柜,침대 옆 탁자,Nightstand,Nightstand,Nightstand,Bedside table,Night table,Bedside cabinet,Table beside the bed
DECOR_PK_BONSAI,pieces.json,13,11,180,A piece of furniture the player finds.,Bonsai,Bonsai,Bonsái,Bonsai,Bonsaï,ぼんさい,盆景,분재,Bonsai,Bonsai,Bonsai,Bonsai,Bonsai,Bonsai / potted landscape,Bonsai
DECOR_PK_RUG,pieces.json,13,11,180,A piece of furniture the player finds.,Gold Rug,Tapete Dourado,Alfombra dorada,Goldener Teppich,Tapis doré,金色のじゅうたん,金色地毯,금색 러그,Gold Rug,Golden rug,Golden rug,Golden rug,Gold rug,Golden rug,Gold rug
DECOR_PK_COAT_STAND,pieces.json,13,11,180,A piece of furniture the player finds.,Coat Rack,Chapeleira,Perchero,Hutständer,Portemanteau,コートかけ,衣帽架,모자걸이,Coat Stand,Coat stand,Hat stand,Coat stand,Coat hanger stand,Coat and hat stand,Hat rack
DECOR_PK_LANDSCAPE,pieces.json,13,11,180,A piece of furniture the player finds.,Landscape,Pintura,Cuadro,Gemälde,Tableau,絵,挂画,그림,Landscape,Painting,Painting,Painting,Painting,Hanging painting,Painting
DECOR_PK_PORTRAIT,pieces.json,13,11,180,A piece of furniture the player finds.,Portrait,Pintura,Cuadro,Gemälde,Tableau,絵,挂画,그림,Portrait,Painting,Painting,Painting,Painting,Hanging painting,Painting
DECOR_PK_GRANDFATHER_CLOCK,pieces.json,13,11,180,A piece of furniture the player finds.,Old Clock,Relógio Antigo,Reloj antiguo,Alte Uhr,Vieille horloge,古い時計,古董钟,옛날 시계,Old Clock,Old clock,Old clock,Old clock,Old clock,Antique clock,Old-time clock
DECOR_PK_GLOBE,pieces.json,13,11,180,A piece of furniture the player finds.,Globe,Globo,Globo terráqueo,Globus,Globe,ちきゅうぎ,地球仪,지구본,Globe,Globe of the Earth,Globe,Globe,Globe,Globe,Globe
DECOR_PK_SCULPTURE,pieces.json,13,11,180,A piece of furniture the player finds.,Sculpture,Escultura,Escultura,Skulptur,Sculpture,ちょうこく,雕塑,조각상,Sculpture,Sculpture,Sculpture,Sculpture,Sculpture,Sculpture,Statue
DECOR_PK_BLUE_RUG,pieces.json,13,11,180,A piece of furniture the player finds.,Blue Rug,Tapete Azul,Alfombra azul,Blauer Teppich,Tapis bleu,青いじゅうたん,蓝色地毯,파란 러그,Blue Rug,Blue rug,Blue rug,Blue rug,Blue rug,Blue rug,Blue rug
DECOR_PK_FRIDGE,pieces.json,13,11,180,A piece of furniture the player finds.,Fridge,Geladeira,Refrigerador,Kühlschrank,Frigo,れいぞうこ,冰箱,냉장고,Fridge,Refrigerator,Fridge,Fridge,Refrigerator,Refrigerator,Refrigerator
DECOR_PK_SIDE_DESK,pieces.json,13,11,180,A piece of furniture the player finds.,Side Desk,Mesa de Apoio,Mesa auxiliar,Beistelltisch,Table d'appoint,サイドデスク,边桌,보조 탁자,Side Desk,Side table,Side table,Side table,Side desk,Side table,Side table
DECOR_PK_SINK,pieces.json,13,11,180,A piece of furniture the player finds.,Sink,Pia,Lavabo,Waschbecken,Lavabo,洗面台,水槽,세면대,Sink,Washbasin,Washbasin,Washbasin,Washbasin,Sink,Washbasin
DECOR_PK_DINER_TABLE,pieces.json,13,11,180,A piece of furniture the player finds.,Counter,Balcão,Mostrador,Theke,Comptoir,カウンター,吧台,카운터 탁자,Diner Table,Counter,Counter,Counter,Counter,Bar counter,Counter table
DECOR_PK_FLOWER_VASE,pieces.json,13,11,180,A piece of furniture the player finds.,Flower Vase,Vaso de Flores,Florero,Blumenvase,Vase de fleurs,花びん,花瓶,꽃병,Flower Vase,Flower vase,Flower vase,Vase of flowers,Flower vase,Flower vase,Flower vase
DECOR_PK_FLOWER_POT,pieces.json,13,11,180,A piece of furniture the player finds.,Plant Pot,Vaso de Planta,Maceta,Blumentopf,Plante en pot,植木ばち,花盆,화분,Flower Pot,Flower pot,Flower pot,Potted plant,Plant pot,Plant pot,Plant pot
DECOR_PK_CAR_PICTURE,pieces.json,13,11,180,A piece of furniture the player finds.,Poster,Pôster,Póster,Poster,Affiche,ポスター,海报,포스터,Poster,Poster,Poster,Poster,Poster,Poster,Poster
DECOR_PK_DOTTED_RUG,pieces.json,13,11,180,A piece of furniture the player finds.,Modern Rug,Tapete Moderno,Alfombra moderna,Moderner Teppich,Tapis moderne,モダンなじゅうたん,现代地毯,모던 러그,Dotted Rug,Modern rug,Modern rug,Modern rug,Modern rug,Modern rug,Modern rug
DECOR_PK_ALOE,pieces.json,13,11,180,A piece of furniture the player finds.,Aloe Vera,Babosa,Aloe vera,Aloe,Aloès,アロエ,芦荟,알로에,Aloe,Aloe vera,Aloe,Aloe,Aloe,Aloe,Aloe
DECOR_PK_CACTUS,pieces.json,13,11,180,A piece of furniture the player finds.,Cactus,Cacto,Cactus,Kaktus,Cactus,サボテン,仙人掌,선인장,Cactus,Cactus,Cactus,Cactus,Cactus,Cactus,Cactus
DECOR_PK_DINER_SEAT,pieces.json,13,11,180,A piece of furniture the player finds.,Bar Stool,Banco de Bar,Taburete de bar,Barhocker,Tabouret de bar,カウンターベンチ,吧凳,바 벤치,Diner Seat,Bar stool,Bar stool,Bar stool,Counter bench,Bar stool,Bar bench
DECOR_PK_GLASS_TABLE,pieces.json,13,11,180,A piece of furniture the player finds.,Glass Table,Mesa de Vidro,Mesa de vidrio,Glastisch,Table en verre,ガラスのテーブル,玻璃桌,유리 탁자,Glass Table,Glass table,Glass table,Glass table,Glass table,Glass table,Glass table
DECOR_PK_SMALL_TABLE,pieces.json,13,11,180,A piece of furniture the player finds.,Side Table,Mesa de Apoio,Mesa auxiliar,Beistelltisch,Table d'appoint,サイドテーブル,边桌,보조 탁자,Small Table,Side table,Side table,Side table,Side table,Side table,Side table
DECOR_PK_PLANT,pieces.json,13,11,180,A piece of furniture the player finds.,Plant,Planta,Planta,Pflanze,Plante,植物,植物,식물,Plant,Plant,Plant,Plant,Plant,Plant,Plant
DECOR_PK_SPROUT_POT,pieces.json,13,11,180,A piece of furniture the player finds.,Seedling Pot,Vaso de Muda,Maceta con brote,Setzlingstopf,Pousse en pot,なえの植木ばち,小苗盆栽,새싹 화분,Sprout Pot,Pot with a sprout,Seedling pot,Sprout in a pot,Seedling plant pot,Seedling pot,Sprout pot
DECOR_PK_POTTED_TREE,pieces.json,13,11,180,A piece of furniture the player finds.,Potted Tree,Árvore no Vaso,Árbol en maceta,Baum im Topf,Arbre en pot,はちうえの木,盆栽树,화분 나무,Potted Tree,Tree in a pot,Tree in a pot,Tree in a pot,Potted tree,Potted tree,Pot tree
DECOR_PK_TABLE_LAMP,pieces.json,13,11,180,A piece of furniture the player finds.,Table Lamp,Abajur,Lámpara de mesa,Tischlampe,Lampe de chevet,電気スタンド,台灯,탁상 램프,Table Lamp,Table lamp,Table lamp,Bedside lamp,Desk lamp,Table lamp,Table lamp
CAMERA_TIP,lake.gd,10,10,0,"The tip over the camera lock button, once a save after ten minutes of play. Wrapped on the note's paper.","If you prefer, you can *unlock the camera so it stops following you.*","Se preferir, você pode *soltar a câmera fixa do jogador.*","Si lo prefieres, puedes *soltar la cámara que sigue al personaje.*","Wenn du magst, kannst du *die feste Kamera von deiner Spielfigur lösen.*","Si tu préfères, tu peux *libérer la caméra fixée sur ton personnage.*",よかったら、*プレイヤーについてくる固定カメラをはずせます。*,喜欢的话，可以*解除镜头锁定，不再跟随玩家。*,원하면 *플레이어에 고정된 카메라를 풀 수 있어요.*,Here you choose between the camera locked on the player or free.,"If you prefer, you can *release the camera that follows the character.*","If you like, you can *release the locked camera from your player character.*","If you prefer, you can *free the camera fixed on your character.*","If you like, *you can release the fixed camera that follows the player.*","If you like, you can *unlock the camera so it no longer follows the player.*","If you like, *you can release the camera fixed on the player.*"
DECOR_PK_ROSE_VASE,pieces.json,13,11,180,A piece of furniture the player finds.,Rose Vase,Vaso de Rosas,Jarrón de rosas,Rosenvase,Vase de roses,バラの花びん,玫瑰花瓶,장미 꽃병,Rose Vase,Vase of roses,Rose vase,Vase of roses,Rose vase,Rose vase,Rose vase
DECOR_PK_LEAFY_POT,pieces.json,13,11,180,A piece of furniture the player finds.,Leafy Pot,Vaso de Folhagem,Maceta con follaje,Blattpflanze,Plante verte,葉っぱの植木ばち,绿叶盆栽,잎 화분,Leafy Pot,Pot with foliage,Leafy plant,Foliage plant,Leafy plant pot,Green-leaf potted plant,Leaf pot
DECOR_PK_FLOOR_LAMP,pieces.json,13,11,180,A piece of furniture the player finds.,Floor Lamp,Luminária,Lámpara de pie,Stehlampe,Lampadaire,フロアランプ,落地灯,조명,Floor Lamp,Standing lamp,Floor lamp,Floor lamp,Floor lamp,Floor lamp,Lamp
DECOR_PK_DRINKS_CART,pieces.json,13,11,180,A piece of furniture the player finds.,Bar Cart,Bar Móvel,Carrito de bar,Barwagen,Bar roulant,ドリンクワゴン,饮品推车,이동식 바,Drinks Cart,Bar cart,Bar cart,Rolling bar,Drinks wagon,Beverage cart,Mobile bar
DECOR_PK_STRIPED_RUG,pieces.json,13,11,180,A piece of furniture the player finds.,Striped Rug,Tapete Listrado,Alfombra de rayas,Gestreifter Teppich,Tapis rayé,しまもようのじゅうたん,条纹地毯,줄무늬 러그,Striped Rug,Striped rug,Striped rug,Striped rug,Striped rug,Striped rug,Striped rug
DECOR_PK_OVAL_RUG,pieces.json,13,11,180,A piece of furniture the player finds.,Small Rug,Tapete Pequeno,Alfombra pequeña,Kleiner Teppich,Petit tapis,小さなじゅうたん,小地毯,작은 러그,Small Rug,Small rug,Small rug,Small rug,Small rug,Small rug,Small rug
DECOR_PK_RUNNER_RUG,pieces.json,13,11,180,A piece of furniture the player finds.,Runner Rug,Passadeira,Alfombra de pasillo,Läufer,Tapis de couloir,細長いじゅうたん,长条地毯,긴 러그,Runner Rug,Hallway rug,Runner (rug),Hallway rug,Long narrow rug,Long strip rug,Long rug
DECOR_PK_DECORATED_TABLE,pieces.json,13,11,180,A piece of furniture the player finds.,Decorated Shelf,Estante Decorada,Estante decorado,Geschmücktes Regal,Étagère décorée,かざり棚,装饰柜,장식 선반,Decorated Table,Decorated shelf,Decorated shelf,Decorated shelf,Display shelf,Decorative cabinet,Decorated shelf
PAD_LOST_HEAD,pad_lost_card.gd,20,16,560,Title of the card that pauses the game when the gamepad disconnects.,Controller disconnected,Controle desconectado,Control desconectado,Controller getrennt,Manette déconnectée,コントローラーの接続が切れました,手柄已断开连接,게임패드 연결 끊김,Controller disconnected,Controller disconnected,Controller disconnected,Controller disconnected,The controller's connection was cut,Gamepad disconnected,Gamepad disconnected
PAD_LOST_TEXT,pad_lost_card.gd,13,11,560,Under PAD_LOST_HEAD. The game stays paused until either happens.,Reconnect it or use the mouse to continue.,Reconecte ou use o mouse para continuar.,Vuelve a conectarlo o haz clic para continuar.,"Verbinde ihn neu oder nutz die Maus, um weiterzuspielen.",Reconnecte-la ou utilise la souris pour continuer.,つなぎ直すか、マウスを使って続けてください。,请重新连接手柄，或使用鼠标继续。,다시 연결하거나 마우스로 계속해요.,"Reconnect, or use the mouse to continue.",Reconnect it or click to continue.,Reconnect it or use the mouse to keep playing.,Reconnect it or use the mouse to continue.,"Reconnect it, or use the mouse to continue.","Please reconnect the gamepad, or use the mouse to continue.","Reconnect, or continue with the mouse."
TORNADO_FIRST,moment_card.gd,20,16,1190,"The card over the first tornado of a save, once. One line, low on the screen. *Asterisks* mark the words drawn in the card's colour; keep them round the same idea.",A *tornado* on the lake! Tame it with your *net*.,"Um *tornado* no lago, dome-o com sua *rede*.",Un *tornado* en el lago: dómalo con tu *red*.,Ein *Tornado* auf dem See! Bändige ihn mit deinem *Netz*.,Une *tornade* sur le lac ! Dompte-la avec ton *filet*.,湖に*たつまき*が！*あみ*でしずめましょう。,湖上出现了*龙卷风*，用你的*渔网*驯服它。,호수에 *토네이도*가 나타났어요. *그물*로 길들여요.,"A tornado on the lake, tame it with your net.",A *tornado* on the lake: tame it with your *net*.,A *tornado* on the lake! Tame it with your *net*.,A *tornado* on the lake! Tame it with your *net*.,A *tornado* on the lake! Calm it with the *net*.,"A *tornado* has appeared on the lake, tame it with your *net*.",A *tornado* appeared on the lake. Tame it with the *net*.
CUE_LUCKY,cue_card.gd,13,11,0,"The hint the first time a cast is lucky (gold), pointing at the count over the angler. Wrapped on a small card. *Asterisks* mark the words drawn in the card's colour.","*Lucky casts* catch *more objects, and heavier ones.*","*Lançamentos da sorte* pegam *mais objetos, e mais pesados.*","Los *lanzamientos de la suerte* atrapan *más objetos, y más pesados.*","*Glückswürfe* fangen *mehr Objekte, auch schwerere.*","Les *lancers chanceux* attrapent *plus d'objets, et plus lourds.*",*ラッキー投げ*では、*もっと多く、もっと重いもの*が取れます。,*幸运撒网*能捞起*更多、更重的物品。*,*행운 던지기*는 *더 많고 더 무거운 물건*을 잡아요.,"Your lucky cast catches more objects, and heavier ones.","*Lucky casts* catch *more objects, and heavier ones.*","*Lucky casts* catch *more objects, heavier ones too.*","*Lucky casts* catch *more objects, and heavier ones.*","With a *lucky cast*, you can catch *more, and heavier, things*.",*Lucky casts* can scoop up *more and heavier objects.*,*Lucky casts* catch *more and heavier objects*.
CUE_DOUBLE,cue_card.gd,13,11,0,"The hint the first time a second net is thrown, pointing at the count over the angler. *Asterisks* mark the words drawn in the card's colour.",*Double cast* throws a *copy of your current net.*,O *Dobro* lança uma *cópia da sua rede atual.*,El *Doble* lanza una *copia de tu red actual.*,Ein *Doppelwurf* wirft eine *Kopie deines aktuellen Netzes* aus.,Le *Double* lance une *copie de ton filet actuel.*,*ダブル*は、*今のあみのコピー*をもう1つ投げます。,*双网*会再撒出一张*和当前一模一样的渔网。*,*쌍그물*은 *지금 그물과 똑같은 그물*을 하나 더 던져요.,Double throws a copy of your current net.,The *Double* throws a *copy of your current net.*,A *double cast* throws out a *copy of your current net*.,The *Double* casts a *copy of your current net.*,*Double* throws one more *copy of your current net*.,*Double net* casts one more *net exactly like your current one.*,*Twin net* throws one more *net identical to the current net*.
CUE_PIGEON,cue_card.gd,13,11,0,"The hint after the first pigeon is netted, pointing at the money plate. *Asterisks* mark the words drawn in the card's colour.",*Pigeons* earn you *money* when netted.,*Pombos* dão *dinheiro* quando pegos.,Las *palomas* dan *dinero* al atraparlas.,"*Tauben* bringen *Geld*, wenn sie im Netz landen.",Les *pigeons* pris dans ton filet rapportent de l'*argent*.,*ハト*をあみで取ると、*お金*がもらえます。,网到*鸽子*能赚到*钱*。,*비둘기*를 잡으면 *돈*이 생겨요.,Pigeons give money when caught.,*Pigeons* give *money* when caught.,*Pigeons* bring *money* when they land in the net.,*Pigeons* caught in your net bring in *money*.,"When you net *pigeons*, you get *money*.",Netting *pigeons* earns *money*.,"If you catch *pigeons*, you get *money*."
CUE_FERRY,cue_card.gd,13,11,0,"The hint when the boats first sit docked waiting for a full load, pointing at the Waiting plate. Capacity is TRACK_CARGO's name: use the same word. *Asterisks* mark the words drawn in the card's colour.","Boats wait to be *full before they set sail.*
Upgrade *Capacity* to carry more.","Barcos esperam *encher para zarpar.*
Melhore *Carrega* para levar mais.","Los barcos esperan a *llenarse para zarpar.*
Mejora *Capacidad* para llevar más.","Boote legen erst ab, *wenn sie voll sind.*
Verbessere den *Laderaum*, um mehr mitzunehmen.","Les bateaux attendent d'être *pleins pour partir.*
Améliore la *Capacité* pour en transporter plus.","ボートは*いっぱいになってから出発します。*
*積める量*を強化すると、もっと運べます。","船要*装满才会出航。*
升级*载货量*就能运更多。","배는 *가득 차야 출발해요.*
*적재량*을 업그레이드하면 더 많이 실어요.",The boats wait to fill up to set sail. Upgrade Carrega to carry more.,"Boats wait *to fill up to set sail.*
Upgrade *Capacity* to carry more.","Boats only set off *when they are full.*
Upgrade the *Cargo hold* to take more along.","The boats wait to be *full to set off.*
Upgrade the *Capacity* to carry more.","Boats *set off once they are full.*
Upgrade *Amount it can load* to carry more.","Boats *only set sail once full.*
Upgrade *Capacity* to carry more.","Boats *set off only when full.*
If you upgrade *Capacity*, they load more."
CUE_METER,cue_card.gd,13,11,0,"The hint the first time the pollution meter moves, pointing at it. *Asterisks* mark the words drawn in the card's colour.",This *meter* shows how much of the lake *still needs cleaning*.,Este *medidor* mostra quanto do lago *ainda precisa ser limpo*.,Este *medidor* muestra cuánto del lago *aún falta por limpiar*.,"Diese *Anzeige* verrät, wie viel vom See *noch sauber werden muss*.",Cette *jauge* montre la part du lac qui *reste à nettoyer*.,この*メーター*は、湖が*あとどれだけそうじが必要か*を表しています。,这个*计量表*显示湖里*还有多少需要清理*。,이 *게이지*는 호수에 *아직 치울 곳이 얼마나 남았는지* 보여 줘요.,This trash meter shows how much of the lake still needs to be cleaned.,This *meter* shows how much of the lake *still remains to be cleaned*.,This *meter* tells how much of the lake *still has to become clean*.,This *meter* shows the share of the lake that *remains to be cleaned*.,This *meter* shows how much the lake *still needs cleaning*.,This *meter* shows how much of the lake *still needs cleaning*.,This *gauge* shows *how much of the lake is still left to clean*.
